start,end,bars,final,peak,mult_final,mult_peak,hit_10000x,trades,pf,mdd,liq,bars_to_target
2021-08-04 00:00:00+00:00,2021-10-03 00:00:00+00:00,86401,100.0,100.0,1.0,1.0,False,0,0.0,0.0,0,-1.0
2021-09-03 00:00:00+00:00,2021-11-02 00:00:00+00:00,86401,100.0,100.0,1.0,1.0,False,0,0.0,0.0,0,-1.0
2021-10-03 00:00:00+00:00,2021-12-02 00:00:00+00:00,86401,100.0,100.0,1.0,1.0,False,0,0.0,0.0,0,-1.0
2021-11-02 00:00:00+00:00,2022-01-01 00:00:00+00:00,86401,100.0,100.0,1.0,1.0,False,0,0.0,0.0,0,-1.0
2021-12-02 00:00:00+00:00,2022-01-31 00:00:00+00:00,86401,100.0,100.0,1.0,1.0,False,0,0.0,0.0,0,-1.0
2022-01-01 00:00:00+00:00,2022-03-02 00:00:00+00:00,86401,311.2022153576428,330.326751223733,3.1120221535764276,3.3032675122373303,False,5,2.1218011711057354,-56.99527247161542,0,-1.0
2022-01-31 00:00:00+00:00,2022-04-01 00:00:00+00:00,86401,15.038954743740382,330.326751223733,0.15038954743740382,3.3032675122373303,False,16,0.8246178754871833,-95.44724891701115,0,-1.0
2022-03-02 00:00:00+00:00,2022-05-01 00:00:00+00:00,86401,0.0825301294632304,100.0,0.0008253012946323041,1.0,False,25,0.0,-99.91746987053676,0,-1.0
2022-04-01 00:00:00+00:00,2022-05-31 00:00:00+00:00,86401,0.002651380310428355,100.0,2.651380310428355e-05,1.0,False,29,0.02501762276920529,-99.99858794443783,1,-1.0
2022-05-01 00:00:00+00:00,2022-06-30 00:00:00+00:00,86401,0.11740450025432747,250.12266442371993,0.0011740450025432747,2.501226644237199,False,26,0.6009318488829698,-99.9900249480714,1,-1.0
2022-05-31 00:00:00+00:00,2022-07-30 00:00:00+00:00,86401,9.12245171174622,310.9878300851251,0.0912245171174622,3.109878300851251,False,21,0.7889187976844894,-97.06662099631063,0,-1.0
2022-06-30 00:00:00+00:00,2022-08-29 00:00:00+00:00,86401,1.0883475914247986,411.23789052728745,0.010883475914247986,4.112378905272874,False,23,0.7595213779134289,-99.7353484159669,0,-1.0
2022-07-30 00:00:00+00:00,2022-09-28 00:00:00+00:00,86401,0.42765630823987344,100.0,0.004276563082398734,1.0,False,26,0.095835104817006,-99.57234369176012,0,-1.0
2022-08-29 00:00:00+00:00,2022-10-28 00:00:00+00:00,86401,0.134311357885963,100.0,0.0013431135788596299,1.0,False,27,0.09271034392537272,-99.86568864211404,0,-1.0
2022-09-28 00:00:00+00:00,2022-11-27 00:00:00+00:00,86401,0.3692912005908924,100.0,0.003692912005908924,1.0,False,25,0.035985675487041985,-99.6307087994091,0,-1.0
2022-10-28 00:00:00+00:00,2022-12-27 00:00:00+00:00,86401,6.8042041723646225,176.31333722819394,0.06804204172364622,1.7631333722819393,False,16,0.5879882268135415,-97.1313104282286,0,-1.0
2022-11-27 00:00:00+00:00,2023-01-26 00:00:00+00:00,86401,70.86671048014173,154.54740432964982,0.7086671048014174,1.5454740432964982,False,11,0.8281010676916895,-72.39926321736958,0,-1.0
2022-12-27 00:00:00+00:00,2023-02-25 00:00:00+00:00,86401,5.366331450792802,296.0255263595825,0.05366331450792802,2.960255263595825,False,19,0.7205151262506015,-98.46034134740958,0,-1.0
2023-01-26 00:00:00+00:00,2023-03-27 00:00:00+00:00,86401,0.23337081010280913,100.0,0.002333708101028091,1.0,False,27,0.06913312574670878,-99.76662918989719,0,-1.0
2023-02-25 00:00:00+00:00,2023-04-26 00:00:00+00:00,86401,0.9972464577056703,220.65036843114586,0.009972464577056703,2.2065036843114587,False,25,0.6360418599710018,-99.55791263797848,0,-1.0
2023-03-27 00:00:00+00:00,2023-05-26 00:00:00+00:00,86401,1.6747043504266013,100.0,0.016747043504266014,1.0,False,20,0.10225218224964257,-98.32529564957339,0,-1.0
2023-04-26 00:00:00+00:00,2023-06-25 00:00:00+00:00,86401,5.3178239622325005,100.0,0.053178239622325006,1.0,False,19,0.0962130185253385,-96.47678853613526,0,-1.0
2023-05-26 00:00:00+00:00,2023-07-25 00:00:00+00:00,86401,32.163019532724206,110.62229104523934,0.3216301953272421,1.1062229104523933,False,14,0.6269583474242907,-70.92537206667413,0,-1.0
2023-06-25 00:00:00+00:00,2023-08-24 00:00:00+00:00,86401,67.97194978153344,117.39352286159676,0.6797194978153344,1.1739352286159677,False,7,0.7152008705931135,-42.099062942620606,0,-1.0
2023-07-25 00:00:00+00:00,2023-09-23 00:00:00+00:00,86401,32.332518536305685,195.797377439121,0.3233251853630568,1.95797377439121,False,8,0.5860426398806324,-83.48674585983217,0,-1.0
2023-08-24 00:00:00+00:00,2023-10-23 00:00:00+00:00,86401,0.03591875754925719,100.0,0.0003591875754925719,1.0,False,14,0.0,-99.96408124245075,1,-1.0
2023-09-23 00:00:00+00:00,2023-11-22 00:00:00+00:00,86401,0.0002463175446405022,100.0,2.463175446405022e-06,1.0,False,17,3.343226392600776e-07,-99.99975368245536,2,-1.0
2023-10-23 00:00:00+00:00,2023-12-22 00:00:00+00:00,86401,0.1011384244399427,100.0,0.001011384244399427,1.0,False,19,0.002067181612935746,-99.96162383759255,1,-1.0
2023-11-22 00:00:00+00:00,2024-01-21 00:00:00+00:00,86401,6.643982446268785,160.1441980410513,0.06643982446268785,1.601441980410513,False,18,0.49697925113330543,-95.8512499812415,0,-1.0
2023-12-22 00:00:00+00:00,2024-02-20 00:00:00+00:00,86401,2.6859672477333065,100.0,0.026859672477333067,1.0,False,19,0.034822558062673724,-98.10252546129028,0,-1.0
2024-01-21 00:00:00+00:00,2024-03-21 00:00:00+00:00,86401,5.190745180985657,100.0,0.05190745180985657,1.0,False,22,0.39306764854084025,-94.80925481901434,0,-1.0
2024-02-20 00:00:00+00:00,2024-04-20 00:00:00+00:00,86401,1.8632347125660584,241.90342051688262,0.018632347125660583,2.4190342051688263,False,19,0.6241774944910139,-99.22976090681776,0,-1.0
2024-03-21 00:00:00+00:00,2024-05-20 00:00:00+00:00,86401,12.675154532889476,100.0,0.12675154532889477,1.0,False,19,0.22409687399427863,-95.32497683737333,0,-1.0
2024-04-20 00:00:00+00:00,2024-06-19 00:00:00+00:00,86401,63.68176960960302,299.8313396531878,0.6368176960960302,2.998313396531878,False,14,0.9024784569870187,-78.76080276222521,0,-1.0
2024-05-20 00:00:00+00:00,2024-07-19 00:00:00+00:00,86401,8.602297334713377,100.0,0.08602297334713377,1.0,False,10,0.0,-91.39770266528662,0,-1.0
2024-06-19 00:00:00+00:00,2024-08-18 00:00:00+00:00,86401,0.02560663401502048,100.0,0.0002560663401502048,1.0,False,19,0.21005541663596802,-99.97439336598498,1,-1.0
2024-07-19 00:00:00+00:00,2024-09-17 00:00:00+00:00,86401,0.031014967241733884,216.51413400327738,0.00031014967241733884,2.1651413400327737,False,24,0.5383388928627695,-99.98802913443755,1,-1.0
2024-08-18 00:00:00+00:00,2024-10-17 00:00:00+00:00,86401,9.250643693659743,100.0,0.09250643693659744,1.0,False,21,0.3902263556819136,-93.65438880908545,0,-1.0
2024-09-17 00:00:00+00:00,2024-11-16 00:00:00+00:00,86401,1.5502701178645373,101.55728258188459,0.015502701178645373,1.015572825818846,False,20,0.17263044973259709,-98.47350177313521,0,-1.0
2024-10-17 00:00:00+00:00,2024-12-16 00:00:00+00:00,86401,3.9089250940841493,100.0,0.039089250940841494,1.0,False,18,0.059926753885413256,-98.16287383389272,0,-1.0
2024-11-16 00:00:00+00:00,2025-01-15 00:00:00+00:00,86401,35.562171878435805,171.93135391575987,0.35562171878435805,1.7193135391575987,False,16,0.7205664999017456,-85.59101260307392,0,-1.0
2024-12-16 00:00:00+00:00,2025-02-14 00:00:00+00:00,86401,2.2233524834984832,100.0,0.022233524834984832,1.0,False,21,0.3564193255111763,-97.77664751650151,0,-1.0
2025-01-15 00:00:00+00:00,2025-03-16 00:00:00+00:00,86401,0.9138418789680227,100.0,0.009138418789680226,1.0,False,19,0.25091719892926834,-99.08615812103197,0,-1.0
2025-02-14 00:00:00+00:00,2025-04-15 00:00:00+00:00,86401,2.7121241339884508,100.0,0.027121241339884507,1.0,False,14,0.0,-97.28787586601155,0,-1.0
2025-03-16 00:00:00+00:00,2025-05-15 00:00:00+00:00,86401,4.267120536330071,100.0,0.04267120536330071,1.0,False,13,0.0,-95.73287946366993,0,-1.0
2025-04-15 00:00:00+00:00,2025-06-14 00:00:00+00:00,86401,8.147322031021162,100.0,0.08147322031021162,1.0,False,10,0.0,-91.85267796897884,0,-1.0
2025-05-15 00:00:00+00:00,2025-07-14 00:00:00+00:00,86401,14.493901715641453,100.0,0.14493901715641452,1.0,False,8,0.0,-85.50609828435854,0,-1.0
2025-06-14 00:00:00+00:00,2025-08-13 00:00:00+00:00,86401,19.64499405812152,100.0,0.19644994058121518,1.0,False,7,0.0,-80.35500594187847,0,-1.0
2025-07-14 00:00:00+00:00,2025-09-12 00:00:00+00:00,86401,57.230028556502035,100.0,0.5723002855650203,1.0,False,8,0.6039842717376279,-67.78039386857037,0,-1.0
2025-08-13 00:00:00+00:00,2025-10-12 00:00:00+00:00,86401,62.672997999555456,240.44874023040614,0.6267299799955546,2.4044874023040617,False,9,0.8231304790271495,-73.9349859186203,0,-1.0
2025-09-12 00:00:00+00:00,2025-11-11 00:00:00+00:00,86401,20.743252146195392,100.0,0.20743252146195393,1.0,False,11,0.31794095327186794,-79.25674785380461,0,-1.0
2025-10-12 00:00:00+00:00,2025-12-11 00:00:00+00:00,86401,20.09386728955801,131.07437939879324,0.2009386728955801,1.3107437939879325,False,18,0.5991264971843614,-90.38317042067689,0,-1.0
2025-11-11 00:00:00+00:00,2026-01-10 00:00:00+00:00,86401,89.13861519917171,138.57611463797124,0.8913861519917171,1.3857611463797124,False,16,0.949841383856016,-75.34483083446159,0,-1.0
2025-12-11 00:00:00+00:00,2026-02-09 00:00:00+00:00,86401,117.47514266900052,508.67988527637374,1.1747514266900052,5.086798852763738,False,17,1.0212737680609607,-76.90588008897296,0,-1.0
2026-01-10 00:00:00+00:00,2026-03-11 00:00:00+00:00,86401,10.964472251066745,245.34807309535347,0.10964472251066745,2.453480730953535,False,27,0.7876984523399506,-97.4451592672714,0,-1.0
2026-02-09 00:00:00+00:00,2026-04-10 00:00:00+00:00,86401,6.0505451625743625,100.0,0.060505451625743625,1.0,False,23,0.3135756091941268,-93.94945483742563,0,-1.0
2026-03-11 00:00:00+00:00,2026-05-10 00:00:00+00:00,86401,8.759332403528248,100.0,0.08759332403528247,1.0,False,14,0.2645528732980021,-91.24066759647175,0,-1.0
2026-04-10 00:00:00+00:00,2026-06-09 00:00:00+00:00,86401,1.0745290087261532,100.0,0.010745290087261532,1.0,False,18,0.0,-98.92547099127384,0,-1.0
2026-05-10 00:00:00+00:00,2026-07-09 00:00:00+00:00,86401,0.3089125499029344,100.0,0.0030891254990293437,1.0,False,23,0.0,-99.69108745009707,0,-1.0
