timestamp,equity
2026-07-01 00:00:00+00:00,497.83817290765836
2026-07-01 01:00:00+00:00,488.6685211207299
2026-07-01 02:00:00+00:00,482.12412032525685
2026-07-01 03:00:00+00:00,481.1415571205602
2026-07-01 04:00:00+00:00,478.48329661743486
2026-07-01 05:00:00+00:00,478.48329661743486
2026-07-01 06:00:00+00:00,483.9195613763547
2026-07-01 07:00:00+00:00,482.5192277788115
2026-07-01 08:00:00+00:00,481.4926523574293
2026-07-01 09:00:00+00:00,479.7259179076207
2026-07-01 10:00:00+00:00,480.0730871371477
2026-07-01 11:00:00+00:00,475.9979116632542
2026-07-01 12:00:00+00:00,471.7764433919435
2026-07-01 13:00:00+00:00,468.0217311322939
2026-07-01 14:00:00+00:00,463.764865318038
2026-07-01 15:00:00+00:00,462.3381343462597
2026-07-01 16:00:00+00:00,462.3381343462597
2026-07-01 17:00:00+00:00,462.3381343462597
2026-07-01 18:00:00+00:00,462.3381343462597
2026-07-01 19:00:00+00:00,462.3381343462597
2026-07-01 20:00:00+00:00,462.3381343462597
2026-07-01 21:00:00+00:00,456.5231404483447
2026-07-01 22:00:00+00:00,455.4077037103537
2026-07-01 23:00:00+00:00,455.4077037103537
2026-07-02 00:00:00+00:00,455.4077037103537
2026-07-02 01:00:00+00:00,455.4077037103537
2026-07-02 02:00:00+00:00,455.4077037103537
2026-07-02 03:00:00+00:00,455.4077037103537
2026-07-02 04:00:00+00:00,455.4077037103537
2026-07-02 05:00:00+00:00,455.4077037103537
2026-07-02 06:00:00+00:00,455.4077037103537
2026-07-02 07:00:00+00:00,455.4077037103537
2026-07-02 08:00:00+00:00,455.4077037103537
2026-07-02 09:00:00+00:00,450.34572016347937
2026-07-02 10:00:00+00:00,450.34572016347937
2026-07-02 11:00:00+00:00,450.34572016347937
2026-07-02 12:00:00+00:00,444.47199273085977
2026-07-02 13:00:00+00:00,435.86192023034135
2026-07-02 14:00:00+00:00,432.984828384314
2026-07-02 15:00:00+00:00,432.984828384314
2026-07-02 16:00:00+00:00,432.984828384314
2026-07-02 17:00:00+00:00,432.984828384314
2026-07-02 18:00:00+00:00,432.984828384314
2026-07-02 19:00:00+00:00,432.984828384314
2026-07-02 20:00:00+00:00,432.984828384314
2026-07-02 21:00:00+00:00,432.984828384314
2026-07-02 22:00:00+00:00,432.984828384314
2026-07-02 23:00:00+00:00,432.984828384314
2026-07-03 00:00:00+00:00,432.984828384314
2026-07-03 01:00:00+00:00,432.984828384314
2026-07-03 02:00:00+00:00,432.984828384314
2026-07-03 03:00:00+00:00,432.984828384314
2026-07-03 04:00:00+00:00,432.984828384314
2026-07-03 05:00:00+00:00,432.984828384314
2026-07-03 06:00:00+00:00,432.984828384314
2026-07-03 07:00:00+00:00,432.984828384314
2026-07-03 08:00:00+00:00,432.984828384314
2026-07-03 09:00:00+00:00,432.984828384314
2026-07-03 10:00:00+00:00,432.984828384314
2026-07-03 11:00:00+00:00,431.62035793876476
2026-07-03 12:00:00+00:00,430.83027047002093
2026-07-03 13:00:00+00:00,429.2091661722234
2026-07-03 14:00:00+00:00,425.3020084578655
2026-07-03 15:00:00+00:00,427.02372828123686
2026-07-03 16:00:00+00:00,423.04490400869406
2026-07-03 17:00:00+00:00,421.5850751660752
2026-07-03 18:00:00+00:00,421.5850751660752
2026-07-03 19:00:00+00:00,420.04047190425496
2026-07-03 20:00:00+00:00,415.3963577051297
2026-07-03 21:00:00+00:00,414.3886403102395
2026-07-03 22:00:00+00:00,414.3886403102395
2026-07-03 23:00:00+00:00,414.3886403102395
2026-07-04 00:00:00+00:00,410.7322927500743
2026-07-04 01:00:00+00:00,406.7778586091624
2026-07-04 02:00:00+00:00,406.7778586091624
2026-07-04 03:00:00+00:00,406.7148085715526
2026-07-04 04:00:00+00:00,402.95546643136436
2026-07-04 05:00:00+00:00,397.7402992672744
2026-07-04 06:00:00+00:00,395.6630849904295
2026-07-04 07:00:00+00:00,396.37757897661
2026-07-04 08:00:00+00:00,396.5152499611777
2026-07-04 09:00:00+00:00,393.77314961027787
2026-07-04 10:00:00+00:00,393.77314961027787
2026-07-04 11:00:00+00:00,393.77314961027787
2026-07-04 12:00:00+00:00,392.6316562899398
2026-07-04 13:00:00+00:00,390.5177267051779
2026-07-04 14:00:00+00:00,387.1541169519059
2026-07-04 15:00:00+00:00,383.04550200526467
2026-07-04 16:00:00+00:00,383.04550200526467
2026-07-04 17:00:00+00:00,377.95540381560886
2026-07-04 18:00:00+00:00,377.95540381560886
2026-07-04 19:00:00+00:00,376.97660628208877
2026-07-04 20:00:00+00:00,376.97660628208877
2026-07-04 21:00:00+00:00,375.5063982195387
2026-07-04 22:00:00+00:00,375.5063982195387
2026-07-04 23:00:00+00:00,375.5063982195387
2026-07-05 00:00:00+00:00,375.5063982195387
2026-07-05 01:00:00+00:00,379.0121661603367
2026-07-05 02:00:00+00:00,374.4627881443319
2026-07-05 03:00:00+00:00,374.4627881443319
2026-07-05 04:00:00+00:00,374.6788922419269
2026-07-05 05:00:00+00:00,372.7075486684307
2026-07-05 06:00:00+00:00,372.7075486684307
2026-07-05 07:00:00+00:00,369.37528750581833
2026-07-05 08:00:00+00:00,367.9490937694731
2026-07-05 09:00:00+00:00,367.0073562854327
2026-07-05 10:00:00+00:00,367.0073562854327
2026-07-05 11:00:00+00:00,365.4468412000601
2026-07-05 12:00:00+00:00,364.1858872312243
2026-07-05 13:00:00+00:00,362.74432313081394
2026-07-05 14:00:00+00:00,361.2291517075417
2026-07-05 15:00:00+00:00,360.49660900763075
2026-07-05 16:00:00+00:00,358.3896913331486
2026-07-05 17:00:00+00:00,355.7634068676319
2026-07-05 18:00:00+00:00,355.9637070753178
2026-07-05 19:00:00+00:00,353.65565871097687
2026-07-05 20:00:00+00:00,350.4371046850174
2026-07-05 21:00:00+00:00,346.10276165456924
2026-07-05 22:00:00+00:00,340.87167879718095
2026-07-05 23:00:00+00:00,339.65577704169743
2026-07-06 00:00:00+00:00,339.65577704169743
2026-07-06 01:00:00+00:00,339.65577704169743
2026-07-06 02:00:00+00:00,339.65577704169743
2026-07-06 03:00:00+00:00,339.65577704169743
2026-07-06 04:00:00+00:00,339.65577704169743
2026-07-06 05:00:00+00:00,344.8412072287671
2026-07-06 06:00:00+00:00,344.8412072287671
2026-07-06 07:00:00+00:00,343.30015413456334
2026-07-06 08:00:00+00:00,342.61352530905873
2026-07-06 09:00:00+00:00,338.96205514315136
2026-07-06 10:00:00+00:00,338.96205514315136
2026-07-06 11:00:00+00:00,338.2414702213394
2026-07-06 12:00:00+00:00,334.8027251829927
2026-07-06 13:00:00+00:00,325.79235880900274
2026-07-06 14:00:00+00:00,325.79235880900274
2026-07-06 15:00:00+00:00,328.96304215518404
2026-07-06 16:00:00+00:00,326.0756778165152
2026-07-06 17:00:00+00:00,322.6213135714303
2026-07-06 18:00:00+00:00,322.6213135714303
2026-07-06 19:00:00+00:00,322.6213135714303
2026-07-06 20:00:00+00:00,322.6213135714303
2026-07-06 21:00:00+00:00,321.67523389086244
2026-07-06 22:00:00+00:00,321.67523389086244
2026-07-06 23:00:00+00:00,321.67523389086244
2026-07-07 00:00:00+00:00,321.67523389086244
2026-07-07 01:00:00+00:00,321.67523389086244
2026-07-07 02:00:00+00:00,321.67523389086244
2026-07-07 03:00:00+00:00,321.67523389086244
2026-07-07 04:00:00+00:00,321.67523389086244
2026-07-07 05:00:00+00:00,333.74779595220775
2026-07-07 06:00:00+00:00,333.74779595220775
2026-07-07 07:00:00+00:00,333.74779595220775
2026-07-07 08:00:00+00:00,333.74779595220775
2026-07-07 09:00:00+00:00,333.74779595220775
2026-07-07 10:00:00+00:00,333.74779595220775
2026-07-07 11:00:00+00:00,333.74779595220775
2026-07-07 12:00:00+00:00,335.69097513400436
2026-07-07 13:00:00+00:00,335.1380956467245
2026-07-07 14:00:00+00:00,334.947473320866
2026-07-07 15:00:00+00:00,329.983173544057
2026-07-07 16:00:00+00:00,328.7422190656948
2026-07-07 17:00:00+00:00,327.7672171800052
2026-07-07 18:00:00+00:00,327.7672171800052
2026-07-07 19:00:00+00:00,328.98311334229123
2026-07-07 20:00:00+00:00,328.062477214133
2026-07-07 21:00:00+00:00,329.9446372521761
2026-07-07 22:00:00+00:00,330.1226749419505
2026-07-07 23:00:00+00:00,326.87708371838045
2026-07-08 00:00:00+00:00,322.1671147652995
2026-07-08 01:00:00+00:00,320.7581811223643
2026-07-08 02:00:00+00:00,317.6540124792993
2026-07-08 03:00:00+00:00,317.3865845157623
2026-07-08 04:00:00+00:00,315.7625394425196
2026-07-08 05:00:00+00:00,311.8718871991963
2026-07-08 06:00:00+00:00,309.3953260874196
2026-07-08 07:00:00+00:00,309.3953260874196
2026-07-08 08:00:00+00:00,304.62669608430605
2026-07-08 09:00:00+00:00,302.3565248113385
2026-07-08 10:00:00+00:00,302.3565248113385
2026-07-08 11:00:00+00:00,302.3565248113385
2026-07-08 12:00:00+00:00,302.3565248113385
2026-07-08 13:00:00+00:00,300.13825760993103
2026-07-08 14:00:00+00:00,300.13825760993103
2026-07-08 15:00:00+00:00,297.96630076342757
2026-07-08 16:00:00+00:00,297.96630076342757
2026-07-08 17:00:00+00:00,302.1161956339452
2026-07-08 18:00:00+00:00,301.1040961574332
2026-07-08 19:00:00+00:00,301.1040961574332
2026-07-08 20:00:00+00:00,299.28927343911744
2026-07-08 21:00:00+00:00,297.81107242664456
2026-07-08 22:00:00+00:00,298.9000991816134
2026-07-08 23:00:00+00:00,296.8513254503872
2026-07-09 00:00:00+00:00,296.6238625910845
2026-07-09 01:00:00+00:00,292.4878197639196
2026-07-09 02:00:00+00:00,287.797687594413
2026-07-09 03:00:00+00:00,287.797687594413
2026-07-09 04:00:00+00:00,286.2076921290559
2026-07-09 05:00:00+00:00,282.8201183734366
2026-07-09 06:00:00+00:00,277.75349685690713
2026-07-09 07:00:00+00:00,275.93370998482965
2026-07-09 08:00:00+00:00,275.93370998482965
2026-07-09 09:00:00+00:00,275.93370998482965
2026-07-09 10:00:00+00:00,275.93370998482965
2026-07-09 11:00:00+00:00,275.93370998482965
2026-07-09 12:00:00+00:00,280.78011978100966
2026-07-09 13:00:00+00:00,278.4435815175409
2026-07-09 14:00:00+00:00,278.4435815175409
2026-07-09 15:00:00+00:00,276.1885641825397
2026-07-09 16:00:00+00:00,279.18184557955914
2026-07-09 17:00:00+00:00,272.58251185307563
2026-07-09 18:00:00+00:00,270.96499373585056
2026-07-09 19:00:00+00:00,270.96499373585056
2026-07-09 20:00:00+00:00,270.96499373585056
2026-07-09 21:00:00+00:00,270.96499373585056
2026-07-09 22:00:00+00:00,270.96499373585056
2026-07-09 23:00:00+00:00,270.96499373585056
2026-07-10 00:00:00+00:00,270.96499373585056
2026-07-10 01:00:00+00:00,267.7490599765772
2026-07-10 02:00:00+00:00,265.79610944388446
2026-07-10 03:00:00+00:00,264.9622498667862
2026-07-10 04:00:00+00:00,262.66327806407406
2026-07-10 05:00:00+00:00,261.1007917651207
2026-07-10 06:00:00+00:00,261.1007917651207
2026-07-10 07:00:00+00:00,261.1007917651207
2026-07-10 08:00:00+00:00,258.4929036963932
2026-07-10 09:00:00+00:00,256.806087766976
2026-07-10 10:00:00+00:00,255.26230805816988
2026-07-10 11:00:00+00:00,255.26230805816988
2026-07-10 12:00:00+00:00,254.5128267330554
2026-07-10 13:00:00+00:00,253.69703475866015
2026-07-10 14:00:00+00:00,255.73348547316365
2026-07-10 15:00:00+00:00,254.75405100277385
2026-07-10 16:00:00+00:00,254.70018605128018
2026-07-10 17:00:00+00:00,252.5273979807081
2026-07-10 18:00:00+00:00,249.66229154015394
2026-07-10 19:00:00+00:00,249.1242963162851
2026-07-10 20:00:00+00:00,245.629396952189
2026-07-10 21:00:00+00:00,246.75833116770048
2026-07-10 22:00:00+00:00,244.20729458695308
2026-07-10 23:00:00+00:00,242.5847920488672
2026-07-11 00:00:00+00:00,240.75152669088138
2026-07-11 01:00:00+00:00,236.97556052957756
2026-07-11 02:00:00+00:00,235.92142302704642
2026-07-11 03:00:00+00:00,233.93140891609687
2026-07-11 04:00:00+00:00,231.9576009511218
2026-07-11 05:00:00+00:00,228.33053732651902
2026-07-11 06:00:00+00:00,225.46276684461665
2026-07-11 07:00:00+00:00,225.46276684461665
2026-07-11 08:00:00+00:00,224.85511484116557
2026-07-11 09:00:00+00:00,223.7832055371012
2026-07-11 10:00:00+00:00,221.06956833911912
2026-07-11 11:00:00+00:00,218.1199922526838
2026-07-11 12:00:00+00:00,215.2194866340799
2026-07-11 13:00:00+00:00,211.75609247961748
2026-07-11 14:00:00+00:00,207.39215974153527
2026-07-11 15:00:00+00:00,206.7689313529831
2026-07-11 16:00:00+00:00,206.3682326921067
2026-07-11 17:00:00+00:00,201.24790972956748
2026-07-11 18:00:00+00:00,201.24790972956748
2026-07-11 19:00:00+00:00,201.24790972956748
2026-07-11 20:00:00+00:00,199.35653250014343
2026-07-11 21:00:00+00:00,199.35653250014343
2026-07-11 22:00:00+00:00,199.42686111328322
2026-07-11 23:00:00+00:00,195.7635262990372
2026-07-12 00:00:00+00:00,194.22260762391136
2026-07-12 01:00:00+00:00,189.0607094590022
2026-07-12 02:00:00+00:00,189.0607094590022
2026-07-12 03:00:00+00:00,187.02491983620823
2026-07-12 04:00:00+00:00,186.962296494188
2026-07-12 05:00:00+00:00,185.37600055680167
2026-07-12 06:00:00+00:00,181.28968662062772
2026-07-12 07:00:00+00:00,181.28968662062772
2026-07-12 08:00:00+00:00,181.39903848928796
2026-07-12 09:00:00+00:00,180.69117357189512
2026-07-12 10:00:00+00:00,178.18680806462382
2026-07-12 11:00:00+00:00,177.0293623806432
2026-07-12 12:00:00+00:00,176.3685835413954
2026-07-12 13:00:00+00:00,176.3685835413954
2026-07-12 14:00:00+00:00,174.29864087714796
2026-07-12 15:00:00+00:00,172.14100331795763
2026-07-12 16:00:00+00:00,172.14100331795763
2026-07-12 17:00:00+00:00,172.14100331795763
2026-07-12 18:00:00+00:00,172.14100331795763
2026-07-12 19:00:00+00:00,171.4555192548889
2026-07-12 20:00:00+00:00,171.4555192548889
2026-07-12 21:00:00+00:00,171.41929615560247
2026-07-12 22:00:00+00:00,168.96644732441266
2026-07-12 23:00:00+00:00,168.96644732441266
2026-07-13 00:00:00+00:00,170.0593875931757
2026-07-13 01:00:00+00:00,164.96980715639208
2026-07-13 02:00:00+00:00,160.767356507331
2026-07-13 03:00:00+00:00,155.62395901622247
2026-07-13 04:00:00+00:00,153.72171701106322
2026-07-13 05:00:00+00:00,150.2042494913552
2026-07-13 06:00:00+00:00,150.2042494913552
2026-07-13 07:00:00+00:00,150.2042494913552
2026-07-13 08:00:00+00:00,150.2042494913552
2026-07-13 09:00:00+00:00,150.2042494913552
2026-07-13 10:00:00+00:00,150.2042494913552
2026-07-13 11:00:00+00:00,150.2042494913552
2026-07-13 12:00:00+00:00,149.30334284589642
2026-07-13 13:00:00+00:00,145.23609529858558
2026-07-13 14:00:00+00:00,144.07737243546714
2026-07-13 15:00:00+00:00,144.07737243546714
2026-07-13 16:00:00+00:00,141.19963324806758
2026-07-13 17:00:00+00:00,136.32956777541307
2026-07-13 18:00:00+00:00,134.5456154904731
2026-07-13 19:00:00+00:00,134.5456154904731
2026-07-13 20:00:00+00:00,134.5456154904731
2026-07-13 21:00:00+00:00,134.5456154904731
2026-07-13 22:00:00+00:00,134.5456154904731
2026-07-13 23:00:00+00:00,134.5456154904731
2026-07-14 00:00:00+00:00,134.5456154904731
2026-07-14 01:00:00+00:00,134.5456154904731
2026-07-14 02:00:00+00:00,134.5456154904731
2026-07-14 03:00:00+00:00,134.5456154904731
2026-07-14 04:00:00+00:00,134.5456154904731
2026-07-14 05:00:00+00:00,134.5456154904731
2026-07-14 06:00:00+00:00,134.5456154904731
2026-07-14 07:00:00+00:00,134.5456154904731
2026-07-14 08:00:00+00:00,134.5456154904731
2026-07-14 09:00:00+00:00,134.5456154904731
2026-07-14 10:00:00+00:00,134.5456154904731
2026-07-14 11:00:00+00:00,142.3451125572933
2026-07-14 12:00:00+00:00,133.8333211736957
2026-07-14 13:00:00+00:00,132.57814159388374
2026-07-14 14:00:00+00:00,131.5698994600243
2026-07-14 15:00:00+00:00,124.39041714795606
2026-07-14 16:00:00+00:00,124.39041714795606
2026-07-14 17:00:00+00:00,124.39041714795606
2026-07-14 18:00:00+00:00,124.39041714795606
2026-07-14 19:00:00+00:00,124.39041714795606
2026-07-14 20:00:00+00:00,124.39041714795606
2026-07-14 21:00:00+00:00,124.39041714795606
2026-07-14 22:00:00+00:00,123.07335959581273
2026-07-14 23:00:00+00:00,123.07335959581273
2026-07-15 00:00:00+00:00,123.07335959581273
2026-07-15 01:00:00+00:00,123.07335959581273
2026-07-15 02:00:00+00:00,123.07335959581273
2026-07-15 03:00:00+00:00,123.07335959581273
2026-07-15 04:00:00+00:00,123.07335959581273
2026-07-15 05:00:00+00:00,123.07335959581273
2026-07-15 06:00:00+00:00,124.85407194157109
2026-07-15 07:00:00+00:00,123.25656153501166
2026-07-15 08:00:00+00:00,123.25656153501166
2026-07-15 09:00:00+00:00,122.40926017058145
2026-07-15 10:00:00+00:00,119.20778427687236
2026-07-15 11:00:00+00:00,119.20778427687236
2026-07-15 12:00:00+00:00,116.25495443241505
2026-07-15 13:00:00+00:00,116.27438052494074
2026-07-15 14:00:00+00:00,110.56412116908274
2026-07-15 15:00:00+00:00,106.7910975945984
2026-07-15 16:00:00+00:00,110.58944594339816
2026-07-15 17:00:00+00:00,108.84813191999186
2026-07-15 18:00:00+00:00,102.93026739129967
2026-07-15 19:00:00+00:00,102.19757730067546
2026-07-15 20:00:00+00:00,101.63388832853676
2026-07-15 21:00:00+00:00,98.3809767747254
2026-07-15 22:00:00+00:00,97.05875360013134
2026-07-15 23:00:00+00:00,95.72326045601444
2026-07-16 00:00:00+00:00,92.56901488759836
2026-07-16 01:00:00+00:00,90.17302909423672
2026-07-16 02:00:00+00:00,89.72303298222238
2026-07-16 03:00:00+00:00,87.75856759892199
2026-07-16 04:00:00+00:00,83.74807185646395
2026-07-16 05:00:00+00:00,79.49474788815722
2026-07-16 06:00:00+00:00,77.8723942660573
2026-07-16 07:00:00+00:00,71.16909720319721
2026-07-16 08:00:00+00:00,69.3898952404686
2026-07-16 09:00:00+00:00,69.3898952404686
2026-07-16 10:00:00+00:00,69.3898952404686
2026-07-16 11:00:00+00:00,69.3898952404686
2026-07-16 12:00:00+00:00,68.42682267954031
2026-07-16 13:00:00+00:00,69.47346757151408
2026-07-16 14:00:00+00:00,67.84095387747747
2026-07-16 15:00:00+00:00,67.5402062643695
2026-07-16 16:00:00+00:00,67.14912299184023
2026-07-16 17:00:00+00:00,60.470584671999724
2026-07-16 18:00:00+00:00,60.470584671999724
2026-07-16 19:00:00+00:00,60.470584671999724
2026-07-16 20:00:00+00:00,60.470584671999724
2026-07-16 21:00:00+00:00,60.470584671999724
2026-07-16 22:00:00+00:00,59.59628058765427
2026-07-16 23:00:00+00:00,54.86770674855283
2026-07-17 00:00:00+00:00,52.19889575162077
2026-07-17 01:00:00+00:00,49.97574680098247
2026-07-17 02:00:00+00:00,48.082894449878566
2026-07-17 03:00:00+00:00,47.57744181635597
2026-07-17 04:00:00+00:00,46.13654325735035
2026-07-17 05:00:00+00:00,40.29903772378337
2026-07-17 06:00:00+00:00,38.475870625385255
2026-07-17 07:00:00+00:00,38.475870625385255
2026-07-17 08:00:00+00:00,36.74417326906011
2026-07-17 09:00:00+00:00,36.74417326906011
2026-07-17 10:00:00+00:00,36.74417326906011
2026-07-17 11:00:00+00:00,37.73680360118382
2026-07-17 12:00:00+00:00,34.02010605755518
2026-07-17 13:00:00+00:00,33.97695561836075
2026-07-17 14:00:00+00:00,31.57993637949467
2026-07-17 15:00:00+00:00,31.916790295333996
2026-07-17 16:00:00+00:00,27.50995707517311
2026-07-17 17:00:00+00:00,21.650811105147937
2026-07-17 18:00:00+00:00,18.978050687806924
2026-07-17 19:00:00+00:00,18.978050687806924
2026-07-17 20:00:00+00:00,18.978050687806924
2026-07-17 21:00:00+00:00,18.978050687806924
2026-07-17 22:00:00+00:00,18.978050687806924
2026-07-17 23:00:00+00:00,18.978050687806924
2026-07-18 00:00:00+00:00,18.978050687806924
2026-07-18 01:00:00+00:00,18.978050687806924
2026-07-18 02:00:00+00:00,18.978050687806924
2026-07-18 03:00:00+00:00,18.978050687806924
2026-07-18 04:00:00+00:00,18.978050687806924
2026-07-18 05:00:00+00:00,18.978050687806924
2026-07-18 06:00:00+00:00,18.978050687806924
2026-07-18 07:00:00+00:00,18.978050687806924
2026-07-18 08:00:00+00:00,18.978050687806924
2026-07-18 09:00:00+00:00,18.978050687806924
2026-07-18 10:00:00+00:00,18.978050687806924
2026-07-18 11:00:00+00:00,18.978050687806924
2026-07-18 12:00:00+00:00,18.978050687806924
2026-07-18 13:00:00+00:00,18.978050687806924
2026-07-18 14:00:00+00:00,18.978050687806924
2026-07-18 15:00:00+00:00,18.978050687806924
2026-07-18 16:00:00+00:00,18.978050687806924
2026-07-18 17:00:00+00:00,13.92730688164573
2026-07-18 18:00:00+00:00,10.990068154084979
2026-07-18 19:00:00+00:00,9.570788293621694
2026-07-18 20:00:00+00:00,7.604199285421325
2026-07-18 21:00:00+00:00,6.947170970277921
2026-07-18 22:00:00+00:00,6.23958663070136
2026-07-18 23:00:00+00:00,6.23958663070136
2026-07-19 00:00:00+00:00,4.746617232653166
2026-07-19 01:00:00+00:00,4.746617232653166
2026-07-19 02:00:00+00:00,-1.4657420543514066
2026-07-19 03:00:00+00:00,-5.429008339485973
2026-07-19 04:00:00+00:00,-7.459116733154034
2026-07-19 05:00:00+00:00,-9.594274313073587
2026-07-19 06:00:00+00:00,-9.594274313073587
2026-07-19 07:00:00+00:00,-13.507780997649625
2026-07-19 08:00:00+00:00,-16.652052741215197
2026-07-19 09:00:00+00:00,-18.487620798807157
2026-07-19 10:00:00+00:00,-19.129128985170585
2026-07-19 11:00:00+00:00,-20.342430369319555
2026-07-19 12:00:00+00:00,-24.148030683686706
2026-07-19 13:00:00+00:00,-24.148030683686706
2026-07-19 14:00:00+00:00,-24.148030683686706
2026-07-19 15:00:00+00:00,-24.148030683686706
2026-07-19 16:00:00+00:00,-24.148030683686706
2026-07-19 17:00:00+00:00,-25.2386532014506
2026-07-19 18:00:00+00:00,-28.817605762370818
2026-07-19 19:00:00+00:00,-28.817605762370818
2026-07-19 20:00:00+00:00,-28.817605762370818
2026-07-19 21:00:00+00:00,-29.591585688703297
2026-07-19 22:00:00+00:00,-31.57715744546079
2026-07-19 23:00:00+00:00,-32.333695826423536
2026-07-20 00:00:00+00:00,-36.26810928410829
2026-07-20 01:00:00+00:00,-35.53844012972862
2026-07-20 02:00:00+00:00,-34.582629447302814
2026-07-20 03:00:00+00:00,-34.83318736861537
2026-07-20 04:00:00+00:00,-39.00436201983824
2026-07-20 05:00:00+00:00,-44.31697829677175
2026-07-20 06:00:00+00:00,-48.691144024096594
2026-07-20 07:00:00+00:00,-48.691144024096594
2026-07-20 08:00:00+00:00,-48.691144024096594
2026-07-20 09:00:00+00:00,-48.691144024096594
2026-07-20 10:00:00+00:00,-48.691144024096594
2026-07-20 11:00:00+00:00,-48.66354837133374
2026-07-20 12:00:00+00:00,-48.66354837133374
2026-07-20 13:00:00+00:00,-45.30886134865449
2026-07-20 14:00:00+00:00,-45.13634713684828
2026-07-20 15:00:00+00:00,-51.133987999198474
2026-07-20 16:00:00+00:00,-51.133987999198474
2026-07-20 17:00:00+00:00,-53.16724538797725
2026-07-20 18:00:00+00:00,-54.8595108086628
2026-07-20 19:00:00+00:00,-54.8595108086628
2026-07-20 20:00:00+00:00,-54.8595108086628
2026-07-20 21:00:00+00:00,-54.8595108086628
2026-07-20 22:00:00+00:00,-54.8595108086628
2026-07-20 23:00:00+00:00,-54.8595108086628
2026-07-21 00:00:00+00:00,-54.8595108086628
2026-07-21 01:00:00+00:00,-54.8595108086628
2026-07-21 02:00:00+00:00,-54.8595108086628
2026-07-21 03:00:00+00:00,-54.8595108086628
2026-07-21 04:00:00+00:00,-54.8595108086628
2026-07-21 05:00:00+00:00,-55.76588598303593
2026-07-21 06:00:00+00:00,-56.631180031074784
2026-07-21 07:00:00+00:00,-61.300930459246125
2026-07-21 08:00:00+00:00,-63.899048320422395
2026-07-21 09:00:00+00:00,-63.899048320422395
2026-07-21 10:00:00+00:00,-66.88517282899973
2026-07-21 11:00:00+00:00,-66.88517282899973
2026-07-21 12:00:00+00:00,-71.34947318014375
2026-07-21 13:00:00+00:00,-73.13212118825673
2026-07-21 14:00:00+00:00,-76.07406424617048
2026-07-21 15:00:00+00:00,-76.07406424617048
2026-07-21 16:00:00+00:00,-76.07406424617048
2026-07-21 17:00:00+00:00,-71.70745330462015
2026-07-21 18:00:00+00:00,-74.33676415115434
2026-07-21 19:00:00+00:00,-78.5249607152066
2026-07-21 20:00:00+00:00,-78.5249607152066
2026-07-21 21:00:00+00:00,-78.5249607152066
2026-07-21 22:00:00+00:00,-78.38020697046225
2026-07-21 23:00:00+00:00,-82.27163423480629
2026-07-22 00:00:00+00:00,-86.50512679130891
2026-07-22 01:00:00+00:00,-89.4738556843326
2026-07-22 02:00:00+00:00,-90.95504771222835
2026-07-22 03:00:00+00:00,-95.32159650181731
2026-07-22 04:00:00+00:00,-95.32159650181731
2026-07-22 05:00:00+00:00,-101.2581404612117
2026-07-22 06:00:00+00:00,-107.45307291741778
2026-07-22 07:00:00+00:00,-111.15425269359102
2026-07-22 08:00:00+00:00,-111.15425269359102
2026-07-22 09:00:00+00:00,-111.15425269359102
2026-07-22 10:00:00+00:00,-111.15425269359102
2026-07-22 11:00:00+00:00,-111.15425269359102
2026-07-22 12:00:00+00:00,-112.70259207610597
2026-07-22 13:00:00+00:00,-114.31568436893352
2026-07-22 14:00:00+00:00,-113.56613644611214
2026-07-22 15:00:00+00:00,-110.80860906485
2026-07-22 16:00:00+00:00,-112.12781308204616
2026-07-22 17:00:00+00:00,-111.695662702447
2026-07-22 18:00:00+00:00,-115.04761743538779
2026-07-22 19:00:00+00:00,-115.88062842436665
2026-07-22 20:00:00+00:00,-115.88062842436665
2026-07-22 21:00:00+00:00,-116.16584377247403
2026-07-22 22:00:00+00:00,-118.34336765190007
2026-07-22 23:00:00+00:00,-122.02065303554262
2026-07-23 00:00:00+00:00,-127.53345994276476
2026-07-23 01:00:00+00:00,-130.39793465204062
2026-07-23 02:00:00+00:00,-133.44344715592254
2026-07-23 03:00:00+00:00,-134.99257130216395
2026-07-23 04:00:00+00:00,-134.99257130216395
2026-07-23 05:00:00+00:00,-134.99257130216395
2026-07-23 06:00:00+00:00,-134.99257130216395
2026-07-23 07:00:00+00:00,-136.55565494576078
2026-07-23 08:00:00+00:00,-136.55565494576078
2026-07-23 09:00:00+00:00,-136.55565494576078
2026-07-23 10:00:00+00:00,-134.26002634842857
2026-07-23 11:00:00+00:00,-139.38928400889068
2026-07-23 12:00:00+00:00,-149.30524781375476
2026-07-23 13:00:00+00:00,-154.76274181083076
2026-07-23 14:00:00+00:00,-155.77148685855755
2026-07-23 15:00:00+00:00,-160.036194000775
2026-07-23 16:00:00+00:00,-160.036194000775
2026-07-23 17:00:00+00:00,-160.88067637937323
2026-07-23 18:00:00+00:00,-160.88067637937323
2026-07-23 19:00:00+00:00,-160.88067637937323
2026-07-23 20:00:00+00:00,-160.88067637937323
2026-07-23 21:00:00+00:00,-160.88067637937323
2026-07-23 22:00:00+00:00,-160.88067637937323
2026-07-23 23:00:00+00:00,-160.88067637937323
2026-07-24 00:00:00+00:00,-160.88067637937323
2026-07-24 01:00:00+00:00,-160.88067637937323
2026-07-24 02:00:00+00:00,-160.88067637937323
2026-07-24 03:00:00+00:00,-158.7625941431475
2026-07-24 04:00:00+00:00,-158.7625941431475
2026-07-24 05:00:00+00:00,-158.7625941431475
2026-07-24 06:00:00+00:00,-160.17773901205686
2026-07-24 07:00:00+00:00,-163.03994970893768
2026-07-24 08:00:00+00:00,-163.03994970893768
2026-07-24 09:00:00+00:00,-162.930241916911
2026-07-24 10:00:00+00:00,-163.69019249827778
2026-07-24 11:00:00+00:00,-164.35556608345874
2026-07-24 12:00:00+00:00,-165.853731692377
2026-07-24 13:00:00+00:00,-174.9086271673147
2026-07-24 14:00:00+00:00,-178.1264297354976
2026-07-24 15:00:00+00:00,-178.1264297354976
2026-07-24 16:00:00+00:00,-178.1264297354976
2026-07-24 17:00:00+00:00,-178.1264297354976
2026-07-24 18:00:00+00:00,-178.1264297354976
2026-07-24 19:00:00+00:00,-178.1264297354976
2026-07-24 20:00:00+00:00,-178.1264297354976
2026-07-24 21:00:00+00:00,-178.1264297354976
2026-07-24 22:00:00+00:00,-178.1264297354976
2026-07-24 23:00:00+00:00,-178.1264297354976
2026-07-25 00:00:00+00:00,-178.1264297354976
2026-07-25 01:00:00+00:00,-178.1264297354976
2026-07-25 02:00:00+00:00,-178.1264297354976
2026-07-25 03:00:00+00:00,-178.1264297354976
2026-07-25 04:00:00+00:00,-178.1264297354976
2026-07-25 05:00:00+00:00,-178.1264297354976
2026-07-25 06:00:00+00:00,-178.1264297354976
2026-07-25 07:00:00+00:00,-178.1264297354976
2026-07-25 08:00:00+00:00,-178.1264297354976
2026-07-25 09:00:00+00:00,-178.1264297354976
2026-07-25 10:00:00+00:00,-178.1264297354976
2026-07-25 11:00:00+00:00,-178.1264297354976
2026-07-25 12:00:00+00:00,-178.1264297354976
2026-07-25 13:00:00+00:00,-178.1264297354976
2026-07-25 14:00:00+00:00,-178.1264297354976
2026-07-25 15:00:00+00:00,-178.1264297354976
2026-07-25 16:00:00+00:00,-178.1264297354976
2026-07-25 17:00:00+00:00,-178.1264297354976
2026-07-25 18:00:00+00:00,-178.1264297354976
2026-07-25 19:00:00+00:00,-178.1264297354976
2026-07-25 20:00:00+00:00,-178.1264297354976
2026-07-25 21:00:00+00:00,-178.1264297354976
2026-07-25 22:00:00+00:00,-178.1264297354976
2026-07-25 23:00:00+00:00,-178.1264297354976
2026-07-26 00:00:00+00:00,-178.1264297354976
2026-07-26 01:00:00+00:00,-178.1264297354976
2026-07-26 02:00:00+00:00,-178.1264297354976
2026-07-26 03:00:00+00:00,-178.1264297354976
2026-07-26 04:00:00+00:00,-178.1264297354976
2026-07-26 05:00:00+00:00,-178.1264297354976
2026-07-26 06:00:00+00:00,-178.1264297354976
2026-07-26 07:00:00+00:00,-178.1264297354976
2026-07-26 08:00:00+00:00,-178.1264297354976
2026-07-26 09:00:00+00:00,-178.1264297354976
2026-07-26 10:00:00+00:00,-178.1264297354976
2026-07-26 11:00:00+00:00,-178.1264297354976
2026-07-26 12:00:00+00:00,-178.1264297354976
2026-07-26 13:00:00+00:00,-178.1264297354976
2026-07-26 14:00:00+00:00,-178.1264297354976
2026-07-26 15:00:00+00:00,-178.1264297354976
2026-07-26 16:00:00+00:00,-170.28586368914443
2026-07-26 17:00:00+00:00,-170.28586368914443
2026-07-26 18:00:00+00:00,-170.28586368914443
2026-07-26 19:00:00+00:00,-170.28586368914443
2026-07-26 20:00:00+00:00,-170.28586368914443
2026-07-26 21:00:00+00:00,-171.01495960293735
2026-07-26 22:00:00+00:00,-176.19316093441088
2026-07-26 23:00:00+00:00,-177.91542078514414
2026-07-27 00:00:00+00:00,-177.91542078514414
2026-07-27 01:00:00+00:00,-177.91542078514414
2026-07-27 02:00:00+00:00,-177.91542078514414
2026-07-27 03:00:00+00:00,-177.91542078514414
2026-07-27 04:00:00+00:00,-177.91542078514414
2026-07-27 05:00:00+00:00,-177.91542078514414
2026-07-27 06:00:00+00:00,-180.47113874886838
2026-07-27 07:00:00+00:00,-178.55556818981324
2026-07-27 08:00:00+00:00,-182.70619985038496
2026-07-27 09:00:00+00:00,-183.36234794283692
2026-07-27 10:00:00+00:00,-187.24384173307067
2026-07-27 11:00:00+00:00,-193.36453136834916
2026-07-27 12:00:00+00:00,-196.24369989809145
2026-07-27 13:00:00+00:00,-192.814996453938
2026-07-27 14:00:00+00:00,-199.67663139384453
2026-07-27 15:00:00+00:00,-201.01374488661813
2026-07-27 16:00:00+00:00,-201.01374488661813
2026-07-27 17:00:00+00:00,-201.01374488661813
2026-07-27 18:00:00+00:00,-201.01374488661813
2026-07-27 19:00:00+00:00,-201.01374488661813
2026-07-27 20:00:00+00:00,-201.01374488661813
2026-07-27 21:00:00+00:00,-201.01374488661813
2026-07-27 22:00:00+00:00,-209.30876329636757
2026-07-27 23:00:00+00:00,-210.4822381509065
2026-07-28 00:00:00+00:00,-215.61255209652052
2026-07-28 01:00:00+00:00,-216.50589711451542
2026-07-28 02:00:00+00:00,-216.50589711451542
2026-07-28 03:00:00+00:00,-216.50589711451542
2026-07-28 04:00:00+00:00,-216.50589711451542
2026-07-28 05:00:00+00:00,-217.87357523866652
2026-07-28 06:00:00+00:00,-222.59957418607317
2026-07-28 07:00:00+00:00,-222.59957418607317
2026-07-28 08:00:00+00:00,-222.59957418607317
2026-07-28 09:00:00+00:00,-221.0897660704189
2026-07-28 10:00:00+00:00,-222.48810252204103
2026-07-28 11:00:00+00:00,-222.52746577159442
2026-07-28 12:00:00+00:00,-223.69425176982654
2026-07-28 13:00:00+00:00,-230.1641914621237
2026-07-28 14:00:00+00:00,-227.70380965847752
2026-07-28 15:00:00+00:00,-233.5844996012848
2026-07-28 16:00:00+00:00,-234.6366227868062
2026-07-28 17:00:00+00:00,-234.6366227868062
2026-07-28 18:00:00+00:00,-234.6366227868062
2026-07-28 19:00:00+00:00,-234.6366227868062
2026-07-28 20:00:00+00:00,-234.6366227868062
2026-07-28 21:00:00+00:00,-234.6366227868062
2026-07-28 22:00:00+00:00,-234.6366227868062
2026-07-28 23:00:00+00:00,-234.6366227868062
2026-07-29 00:00:00+00:00,-239.02425053580947
2026-07-29 01:00:00+00:00,-244.95367412898273
2026-07-29 02:00:00+00:00,-246.80295029483116
2026-07-29 03:00:00+00:00,-247.96384707209512
2026-07-29 04:00:00+00:00,-250.77950437371834
2026-07-29 05:00:00+00:00,-253.64854842200333
2026-07-29 06:00:00+00:00,-259.4567577985957
2026-07-29 07:00:00+00:00,-263.4852115424363
2026-07-29 08:00:00+00:00,-263.4852115424363
2026-07-29 09:00:00+00:00,-264.90168274637654
2026-07-29 10:00:00+00:00,-264.90168274637654
2026-07-29 11:00:00+00:00,-264.90168274637654
2026-07-29 12:00:00+00:00,-264.90168274637654
2026-07-29 13:00:00+00:00,-264.532226439672
2026-07-29 14:00:00+00:00,-262.4617828768178
2026-07-29 15:00:00+00:00,-264.4080615313813
2026-07-29 16:00:00+00:00,-266.1758845007354
2026-07-29 17:00:00+00:00,-262.7151826479656
2026-07-29 18:00:00+00:00,-265.97693483504423
2026-07-29 19:00:00+00:00,-271.33731139548587
2026-07-29 20:00:00+00:00,-274.92832491977407
2026-07-29 21:00:00+00:00,-278.1240361013773
2026-07-29 22:00:00+00:00,-274.7802864246825
2026-07-29 23:00:00+00:00,-276.89268654229335
2026-07-30 00:00:00+00:00,-280.4392304883083
2026-07-30 01:00:00+00:00,-282.3923489360067
2026-07-30 02:00:00+00:00,-285.010754846326
2026-07-30 03:00:00+00:00,-285.010754846326
2026-07-30 04:00:00+00:00,-285.010754846326
2026-07-30 05:00:00+00:00,-282.5611996322984
2026-07-30 06:00:00+00:00,-285.06291806758645
2026-07-30 07:00:00+00:00,-287.43393353113777
2026-07-30 08:00:00+00:00,-291.6186463743986
2026-07-30 09:00:00+00:00,-296.7278154508367
2026-07-30 10:00:00+00:00,-297.43555662559277
2026-07-30 11:00:00+00:00,-300.05883144362156
2026-07-30 12:00:00+00:00,-303.0005089261236
2026-07-30 13:00:00+00:00,-304.661767146669
2026-07-30 14:00:00+00:00,-304.661767146669
2026-07-30 15:00:00+00:00,-304.661767146669
2026-07-30 16:00:00+00:00,-304.661767146669
2026-07-30 17:00:00+00:00,-304.661767146669
2026-07-30 18:00:00+00:00,-304.661767146669
2026-07-30 19:00:00+00:00,-304.661767146669
2026-07-30 20:00:00+00:00,-304.661767146669
2026-07-30 21:00:00+00:00,-304.661767146669
2026-07-30 22:00:00+00:00,-304.661767146669
2026-07-30 23:00:00+00:00,-304.661767146669
2026-07-31 00:00:00+00:00,-304.661767146669
2026-07-31 01:00:00+00:00,-308.03564757155686
2026-07-31 02:00:00+00:00,-313.3545580517305
2026-07-31 03:00:00+00:00,-315.71462097510494
2026-07-31 04:00:00+00:00,-315.71462097510494
2026-07-31 05:00:00+00:00,-315.71462097510494
2026-07-31 06:00:00+00:00,-315.71462097510494
2026-07-31 07:00:00+00:00,-321.93719314240275
2026-07-31 08:00:00+00:00,-326.2457486207795
2026-07-31 09:00:00+00:00,-331.0108684022976
2026-07-31 10:00:00+00:00,-331.68555906491343
2026-07-31 11:00:00+00:00,-331.68555906491343
2026-07-31 12:00:00+00:00,-331.68555906491343
2026-07-31 13:00:00+00:00,-337.2177197792762
2026-07-31 14:00:00+00:00,-340.90085233838226
2026-07-31 15:00:00+00:00,-342.2830064404839
2026-07-31 16:00:00+00:00,-342.2830064404839
2026-07-31 17:00:00+00:00,-342.2830064404839
2026-07-31 18:00:00+00:00,-342.2830064404839
2026-07-31 19:00:00+00:00,-342.2830064404839
2026-07-31 20:00:00+00:00,-342.2830064404839
2026-07-31 21:00:00+00:00,-342.2830064404839
2026-07-31 22:00:00+00:00,-342.2830064404839
2026-07-31 23:00:00+00:00,-342.2830064404839
2026-08-01 00:00:00+00:00,-342.2830064404839
2026-08-01 01:00:00+00:00,-342.2830064404839
2026-08-01 02:00:00+00:00,-342.2830064404839
2026-08-01 03:00:00+00:00,-342.2830064404839
2026-08-01 04:00:00+00:00,-342.2830064404839
2026-08-01 05:00:00+00:00,-342.2830064404839
2026-08-01 06:00:00+00:00,-342.2830064404839
2026-08-01 07:00:00+00:00,-342.2830064404839
2026-08-01 08:00:00+00:00,-342.2830064404839
2026-08-01 09:00:00+00:00,-342.2830064404839
2026-08-01 10:00:00+00:00,-342.2830064404839
2026-08-01 11:00:00+00:00,-342.2830064404839
2026-08-01 12:00:00+00:00,-342.2830064404839
2026-08-01 13:00:00+00:00,-342.2830064404839
2026-08-01 14:00:00+00:00,-342.2830064404839
2026-08-01 15:00:00+00:00,-342.2830064404839
2026-08-01 16:00:00+00:00,-342.2830064404839
2026-08-01 17:00:00+00:00,-342.2830064404839
2026-08-01 18:00:00+00:00,-345.1471414294165
2026-08-01 19:00:00+00:00,-345.1471414294165
2026-08-01 20:00:00+00:00,-345.1471414294165
2026-08-01 21:00:00+00:00,-342.75013212490717
2026-08-01 22:00:00+00:00,-345.3137239193983
2026-08-01 23:00:00+00:00,-348.3870190168472
2026-08-02 00:00:00+00:00,-352.6283109940474
2026-08-02 01:00:00+00:00,-353.8219763204685
2026-08-02 02:00:00+00:00,-358.380876511199
2026-08-02 03:00:00+00:00,-358.380876511199
2026-08-02 04:00:00+00:00,-359.37021147758605
2026-08-02 05:00:00+00:00,-359.94602919164953
2026-08-02 06:00:00+00:00,-359.94602919164953
2026-08-02 07:00:00+00:00,-359.94602919164953
2026-08-02 08:00:00+00:00,-361.2544558196244
2026-08-02 09:00:00+00:00,-361.87436541117165
2026-08-02 10:00:00+00:00,-362.555879999465
2026-08-02 11:00:00+00:00,-365.9140921408424
2026-08-02 12:00:00+00:00,-365.9140921408424
2026-08-02 13:00:00+00:00,-365.9140921408424
2026-08-02 14:00:00+00:00,-365.9140921408424
2026-08-02 15:00:00+00:00,-365.9140921408424
2026-08-02 16:00:00+00:00,-365.9140921408424
2026-08-02 17:00:00+00:00,-366.0564764859519
2026-08-02 18:00:00+00:00,-367.3182007667752
2026-08-02 19:00:00+00:00,-367.3182007667752
2026-08-02 20:00:00+00:00,-367.3182007667752
2026-08-02 21:00:00+00:00,-368.8796172564453
2026-08-02 22:00:00+00:00,-370.62188102346727
2026-08-02 23:00:00+00:00,-370.74356029325565
2026-08-03 00:00:00+00:00,-375.62018836226844
2026-08-03 01:00:00+00:00,-380.18847334170346
2026-08-03 02:00:00+00:00,-381.01408774055864
2026-08-03 03:00:00+00:00,-385.1541134122499
2026-08-03 04:00:00+00:00,-387.4124857589323
2026-08-03 05:00:00+00:00,-388.10599359786727
2026-08-03 06:00:00+00:00,-392.4405116146722
2026-08-03 07:00:00+00:00,-395.30951313576634
2026-08-03 08:00:00+00:00,-400.4709018625674
2026-08-03 09:00:00+00:00,-396.3914137156241
2026-08-03 10:00:00+00:00,-400.4993893493562
2026-08-03 11:00:00+00:00,-403.25955579013464
2026-08-03 12:00:00+00:00,-404.251016245707
2026-08-03 13:00:00+00:00,-409.0829906978343
2026-08-03 14:00:00+00:00,-415.17263008929746
2026-08-03 15:00:00+00:00,-415.17263008929746
2026-08-03 16:00:00+00:00,-415.17263008929746
2026-08-03 17:00:00+00:00,-417.9324833851212
2026-08-03 18:00:00+00:00,-418.6928682736606
2026-08-03 19:00:00+00:00,-420.82655612544346
2026-08-03 20:00:00+00:00,-420.82655612544346
2026-08-03 21:00:00+00:00,-420.82655612544346
2026-08-03 22:00:00+00:00,-420.82655612544346
2026-08-03 23:00:00+00:00,-420.82655612544346
2026-08-04 00:00:00+00:00,-420.82655612544346
2026-08-04 01:00:00+00:00,-420.82655612544346
2026-08-04 02:00:00+00:00,-420.82655612544346
2026-08-04 03:00:00+00:00,-420.82655612544346
2026-08-04 04:00:00+00:00,-422.35587268948996
2026-08-04 05:00:00+00:00,-422.35587268948996
2026-08-04 06:00:00+00:00,-421.24995689601786
2026-08-04 07:00:00+00:00,-424.3023045514179
2026-08-04 08:00:00+00:00,-424.3023045514179
2026-08-04 09:00:00+00:00,-426.78931176375795
2026-08-04 10:00:00+00:00,-427.29270215407297
2026-08-04 11:00:00+00:00,-428.5496011336917
2026-08-04 12:00:00+00:00,-430.08662425908216
2026-08-04 13:00:00+00:00,-430.19120753100134
2026-08-04 14:00:00+00:00,-433.5375415602139
2026-08-04 15:00:00+00:00,-435.6853501993806
2026-08-04 16:00:00+00:00,-435.6853501993806
2026-08-04 17:00:00+00:00,-435.6853501993806
2026-08-04 18:00:00+00:00,-439.14705021742367
2026-08-04 19:00:00+00:00,-439.986371153924
2026-08-04 20:00:00+00:00,-440.74334352114255
2026-08-04 21:00:00+00:00,-440.74334352114255
2026-08-04 22:00:00+00:00,-440.74334352114255
2026-08-04 23:00:00+00:00,-442.18552106807755
