strategy,side,entry_time,entry_price,exit_time,exit_price,bars_held,gross_pnl,fee,net_pnl,return_pct,exit_reason,partial
bollinger_reentry,1,2026-07-01 00:24:00+00:00,58425.842,2026-07-01 00:25:00+00:00,58357.830632254176,1,-0.582031558448215,0.4,-0.982031558448215,-0.116406311689643,sl,False
bollinger_reentry,1,2026-07-01 00:28:00+00:00,58351.534569999996,2026-07-01 00:31:00+00:00,58514.2729875,3,1.3944656185929105,0.4,0.9944656185929105,0.2788931237185821,tp,False
bollinger_reentry,1,2026-07-01 01:10:00+00:00,58272.02662,2026-07-01 01:10:00+00:00,58208.36179344059,0,-0.5462726307304266,0.4,-0.9462726307304267,-0.10925452614608533,sl,False
bollinger_reentry,1,2026-07-01 01:12:00+00:00,58121.01152,2026-07-01 01:12:00+00:00,58045.55997975235,0,-0.6490900474236394,0.4,-1.0490900474236393,-0.12981800948472788,sl,False
bollinger_reentry,-1,2026-07-01 01:43:00+00:00,58789.22049,2026-07-01 01:43:00+00:00,58912.0427797577,0,-1.0445987268924428,0.4,-1.4445987268924427,-0.20891974537848856,sl,False
bollinger_reentry,-1,2026-07-01 01:45:00+00:00,58866.21279,2026-07-01 01:45:00+00:00,58988.77081688291,0,-1.0409878695621932,0.4,-1.4409878695621932,-0.20819757391243865,sl,False
bollinger_reentry,-1,2026-07-01 03:57:00+00:00,59194.08,2026-07-01 04:31:00+00:00,59263.26510561774,34,-0.5843921015221687,0.4,-0.9843921015221687,-0.11687842030443374,sl,False
bollinger_reentry,1,2026-07-01 06:07:00+00:00,59001.29954,2026-07-01 06:08:00+00:00,58958.9114784914,1,-0.3592129481814754,0.4,-0.7592129481814754,-0.07184258963629508,sl,False
bollinger_reentry,1,2026-07-01 06:11:00+00:00,58935.893,2026-07-01 06:12:00+00:00,58892.6050204944,1,-0.3672463188569841,0.4,-0.7672463188569841,-0.07344926377139682,sl,False
bollinger_reentry,1,2026-07-01 06:24:00+00:00,58715.17093,2026-07-01 06:34:00+00:00,58658.38137266833,10,-0.4836020778971606,0.4,-0.8836020778971606,-0.09672041557943212,sl,False
bollinger_reentry,1,2026-07-01 12:09:00+00:00,58467.64618,2026-07-01 12:10:00+00:00,58550.07440700001,1,0.7049046129395942,0.4,0.30490461293959414,0.14098092258791883,tp,False
bollinger_reentry,-1,2026-07-01 13:50:00+00:00,59294.07,2026-07-01 13:53:00+00:00,59420.859643039395,3,-1.0691595554108702,0.4,-1.46915955541087,-0.21383191108217403,sl,False
bollinger_reentry,-1,2026-07-01 14:16:00+00:00,59867.712629999995,2026-07-01 14:17:00+00:00,59991.660592625994,1,-1.035182047057992,0.4,-1.435182047057992,-0.2070364094115984,sl,False
bollinger_reentry,-1,2026-07-01 15:26:00+00:00,60374.26197000001,2026-07-01 16:22:00+00:00,59980.36743700001,56,3.262106402192766,0.4,2.862106402192766,0.6524212804385532,tp,False
bollinger_reentry,-1,2026-07-01 17:25:00+00:00,60128.9865,2026-07-01 17:37:00+00:00,60192.67551274531,12,-0.5296032450614607,0.4,-0.9296032450614607,-0.10592064901229215,sl,False
bollinger_reentry,1,2026-07-01 20:03:00+00:00,59930.29243,2026-07-01 20:05:00+00:00,59873.99546397531,2,-0.46968706260230864,0.4,-0.8696870626023087,-0.09393741252046173,sl,False
bollinger_reentry,-1,2026-07-01 21:08:00+00:00,60206.07879,2026-07-01 21:10:00+00:00,60249.57739300013,2,-0.3612476005276921,0.4,-0.7612476005276921,-0.07224952010553842,sl,False
bollinger_reentry,-1,2026-07-01 21:14:00+00:00,60354.86391,2026-07-01 21:14:00+00:00,60411.483442780554,0,-0.46905526011109533,0.4,-0.8690552601110954,-0.09381105202221907,sl,False
bollinger_reentry,-1,2026-07-01 21:35:00+00:00,60683.931000000004,2026-07-01 21:38:00+00:00,60770.622940595225,3,-0.7142907452322156,0.4,-1.1142907452322155,-0.14285814904644312,sl,False
bollinger_reentry,-1,2026-07-01 22:24:00+00:00,61023.59703,2026-07-01 22:25:00+00:00,60845.2489165,1,1.4613044967860533,0.4,1.0613044967860534,0.29226089935721067,tp,False
bollinger_reentry,1,2026-07-02 06:52:00+00:00,60256.025,2026-07-02 07:04:00+00:00,60204.36654092416,12,-0.4286580393897954,0.4,-0.8286580393897954,-0.08573160787795908,sl,False
bollinger_reentry,-1,2026-07-02 08:10:00+00:00,60301.269270000004,2026-07-02 08:17:00+00:00,60355.417847681376,7,-0.4489837306651534,0.4,-0.8489837306651534,-0.08979674613303068,sl,False
bollinger_reentry,-1,2026-07-02 09:44:00+00:00,60977.40165,2026-07-02 09:44:00+00:00,61084.949066359164,0,-0.8818628987872223,0.4,-1.2818628987872223,-0.17637257975744447,sl,False
bollinger_reentry,-1,2026-07-02 09:55:00+00:00,61282.871100000004,2026-07-02 09:55:00+00:00,61410.918436098655,0,-1.044723703379602,0.4,-1.4447237033796019,-0.2089447406759204,sl,False
bollinger_reentry,-1,2026-07-02 13:25:00+00:00,61850.51433,2026-07-02 13:25:00+00:00,61920.60216795585,0,-0.5665905830782858,0.4,-0.9665905830782858,-0.11331811661565716,sl,False
bollinger_reentry,1,2026-07-02 16:30:00+00:00,61175.616949999996,2026-07-02 16:46:00+00:00,61465.35285,16,2.3680668413758044,0.4,1.9680668413758045,0.4736133682751609,tp,False
bollinger_reentry,1,2026-07-02 19:20:00+00:00,61535.85297,2026-07-02 19:21:00+00:00,61490.189846193454,1,-0.37102860854798525,0.4,-0.7710286085479853,-0.07420572170959705,sl,False
bollinger_reentry,-1,2026-07-02 21:00:00+00:00,61549.14447000001,2026-07-02 21:01:00+00:00,61595.02689040101,1,-0.37272996071757714,0.4,-0.7727299607175772,-0.07454599214351543,sl,False
bollinger_reentry,1,2026-07-02 23:05:00+00:00,61352.03459,2026-07-02 23:21:00+00:00,61451.274258,16,0.8087724283569742,0.4,0.40877242835697414,0.16175448567139483,tp,False
bollinger_reentry,-1,2026-07-03 01:15:00+00:00,61607.33865,2026-07-03 01:36:00+00:00,61672.26081615834,21,-0.5269028623942074,0.4,-0.9269028623942074,-0.10538057247884147,sl,False
bollinger_reentry,1,2026-07-03 02:33:00+00:00,61341.73356,2026-07-03 02:43:00+00:00,61288.80705967033,10,-0.4314069497066142,0.4,-0.8314069497066142,-0.08628138994132284,sl,False
bollinger_reentry,-1,2026-07-03 03:24:00+00:00,61537.745610000005,2026-07-03 03:41:00+00:00,61402.049590999995,17,1.102542981180954,0.4,0.7025429811809539,0.2205085962361908,tp,False
bollinger_reentry,1,2026-07-03 03:46:00+00:00,61366.23601,2026-07-03 03:48:00+00:00,61329.215210465045,2,-0.30163818039063983,0.4,-0.7016381803906399,-0.060327636078127966,sl,False
bollinger_reentry,-1,2026-07-03 15:09:00+00:00,62284.87089,2026-07-03 15:14:00+00:00,62177.09708799999,5,0.8651683824660306,0.4,0.46516838246603054,0.1730336764932061,tp,False
bollinger_reentry,1,2026-07-03 15:45:00+00:00,61822.08159,2026-07-03 16:05:00+00:00,61947.9495855,20,1.017985744436345,0.4,0.6179857444363449,0.20359714888726899,tp,False
bollinger_reentry,-1,2026-07-03 17:09:00+00:00,62224.07697,2026-07-03 17:25:00+00:00,62109.2052995,16,0.9230484090216873,0.4,0.5230484090216873,0.18460968180433746,tp,False
bollinger_reentry,-1,2026-07-03 20:09:00+00:00,62391.46023,2026-07-03 20:18:00+00:00,62448.60164937261,9,-0.45792660695842535,0.4,-0.8579266069584254,-0.09158532139168507,sl,False
bollinger_reentry,-1,2026-07-03 20:22:00+00:00,62566.442729999995,2026-07-03 20:25:00+00:00,62635.79790654148,3,-0.5542521958677993,0.4,-0.9542521958677993,-0.11085043917355986,sl,False
bollinger_reentry,1,2026-07-04 01:07:00+00:00,62509.95037,2026-07-04 01:10:00+00:00,62460.53648738945,3,-0.3952481350414372,0.4,-0.7952481350414372,-0.07904962700828744,sl,False
bollinger_reentry,1,2026-07-04 05:24:00+00:00,62489.64834,2026-07-04 05:24:00+00:00,62462.28717519689,0,-0.2189255783152655,0.4,-0.6189255783152655,-0.0437851156630531,sl,False
bollinger_reentry,1,2026-07-04 05:58:00+00:00,62428.14219,2026-07-04 06:07:00+00:00,62501.2642485,9,0.5856498041977298,0.4,0.1856498041977298,0.11712996083954597,tp,False
bollinger_reentry,1,2026-07-04 06:25:00+00:00,62333.2327,2026-07-04 06:27:00+00:00,62298.263669188316,2,-0.280500700003683,0.4,-0.680500700003683,-0.0561001400007366,sl,False
bollinger_reentry,-1,2026-07-04 17:36:00+00:00,63083.19105,2026-07-04 17:38:00+00:00,63139.44762171601,2,-0.4458919307951392,0.4,-0.8458919307951392,-0.08917838615902784,sl,False
bollinger_reentry,-1,2026-07-04 19:26:00+00:00,63283.77099,2026-07-04 19:27:00+00:00,63322.12216433866,1,-0.30300955315010203,0.4,-0.703009553150102,-0.060601910630020406,sl,False
bollinger_reentry,1,2026-07-04 20:24:00+00:00,63161.81555,2026-07-04 20:41:00+00:00,63270.4373235,17,0.8598689932687309,0.4,0.4598689932687309,0.17197379865374618,tp,False
bollinger_reentry,1,2026-07-05 02:17:00+00:00,62659.565330000005,2026-07-05 02:17:00+00:00,62619.75498745895,0,-0.3176717100684123,0.4,-0.7176717100684123,-0.06353434201368247,sl,False
bollinger_reentry,1,2026-07-05 05:08:00+00:00,62717.67114,2026-07-05 05:31:00+00:00,62775.08686349999,23,0.4577316285535593,0.4,0.05773162855355929,0.09154632571071186,tp,False
bollinger_reentry,-1,2026-07-05 07:39:00+00:00,62861.61321,2026-07-05 07:41:00+00:00,62898.01144747798,2,-0.2895108446897554,0.4,-0.6895108446897554,-0.05790216893795108,sl,False
bollinger_reentry,-1,2026-07-05 07:53:00+00:00,62943.90498,2026-07-05 07:53:00+00:00,62981.03253013592,0,-0.2949256973150405,0.4,-0.6949256973150405,-0.058985139463008096,sl,False
bollinger_reentry,-1,2026-07-05 07:56:00+00:00,62974.40193,2026-07-05 07:57:00+00:00,63011.26169124221,1,-0.29265669948863593,0.4,-0.692656699488636,-0.058531339897727186,sl,False
bollinger_reentry,1,2026-07-05 09:27:00+00:00,62741.37351,2026-07-05 09:27:00+00:00,62708.779022243936,0,-0.2597527431469904,0.4,-0.6597527431469904,-0.051950548629398074,sl,False
bollinger_reentry,1,2026-07-05 09:45:00+00:00,62516.05098,2026-07-05 10:06:00+00:00,62646.23475,21,1.041202762804505,0.4,0.641202762804505,0.20824055256090102,tp,False
bollinger_reentry,1,2026-07-05 21:06:00+00:00,62636.263,2026-07-05 21:06:00+00:00,62609.34220357053,0,-0.21489784942524404,0.4,-0.6148978494252441,-0.04297956988504881,sl,False
bollinger_reentry,1,2026-07-05 21:09:00+00:00,62598.15919,2026-07-05 21:12:00+00:00,62673.612012000005,3,0.6026760449215907,0.4,0.20267604492159064,0.12053520898431813,tp,False
bollinger_reentry,-1,2026-07-05 22:20:00+00:00,63354.46392,2026-07-05 22:20:00+00:00,63432.21224938242,0,-0.6135978790744456,0.4,-1.0135978790744455,-0.12271957581488913,sl,False
bollinger_reentry,-1,2026-07-05 22:23:00+00:00,63530.24634,2026-07-05 22:28:00+00:00,63624.853484851745,5,-0.7445834881973923,0.4,-1.1445834881973922,-0.14891669763947846,sl,False
bollinger_reentry,1,2026-07-06 07:05:00+00:00,62882.38761,2026-07-06 07:20:00+00:00,62957.743596,15,0.5991819718055291,0.4,0.1991819718055291,0.11983639436110582,tp,False
bollinger_reentry,1,2026-07-06 08:39:00+00:00,62834.082780000004,2026-07-06 09:20:00+00:00,62788.636430854844,41,-0.3616377221919431,0.4,-0.7616377221919431,-0.07232754443838862,sl,False
bollinger_reentry,-1,2026-07-06 10:08:00+00:00,62795.7198,2026-07-06 10:16:00+00:00,62837.88415422551,8,-0.3357263389909271,0.4,-0.7357263389909271,-0.06714526779818542,sl,False
bollinger_reentry,1,2026-07-06 12:06:00+00:00,61907.1901,2026-07-06 12:43:00+00:00,61797.607502247425,37,-0.8850554965874058,0.4,-1.2850554965874057,-0.17701109931748116,sl,False
bollinger_reentry,1,2026-07-06 12:48:00+00:00,61716.57104,2026-07-06 13:02:00+00:00,61634.14308591752,14,-0.6677943435082767,0.4,-1.0677943435082766,-0.13355886870165534,sl,False
bollinger_reentry,-1,2026-07-06 15:47:00+00:00,62838.915479999996,2026-07-06 15:50:00+00:00,62942.01498496331,3,-0.8203475837844643,0.4,-1.2203475837844642,-0.16406951675689285,sl,False
bollinger_reentry,-1,2026-07-06 15:53:00+00:00,63295.56981,2026-07-06 15:53:00+00:00,63426.56989617849,0,-1.0348282397308894,0.4,-1.4348282397308894,-0.2069656479461779,sl,False
bollinger_reentry,1,2026-07-06 20:05:00+00:00,63584.05777,2026-07-06 20:30:00+00:00,63736.335729,25,1.1974539243062576,0.4,0.7974539243062576,0.23949078486125153,tp,False
bollinger_reentry,-1,2026-07-06 20:34:00+00:00,63810.81828,2026-07-06 20:34:00+00:00,63858.351398991195,0,-0.37245345125191953,0.4,-0.7724534512519196,-0.0744906902503839,sl,False
bollinger_reentry,-1,2026-07-06 21:13:00+00:00,64368.5625,2026-07-06 21:51:00+00:00,64471.54059261323,38,-0.7999098365233381,0.4,-1.199909836523338,-0.15998196730466763,sl,False
bollinger_reentry,1,2026-07-07 02:28:00+00:00,63573.55671999999,2026-07-07 02:30:00+00:00,63516.43893192373,2,-0.449225991301927,0.4,-0.849225991301927,-0.0898451982603854,sl,False
bollinger_reentry,1,2026-07-07 05:17:00+00:00,62853.58473,2026-07-07 05:31:00+00:00,62995.309839,14,1.127422641117537,0.4,0.727422641117537,0.2254845282235074,tp,False
bollinger_reentry,-1,2026-07-07 09:46:00+00:00,63262.27314,2026-07-07 09:49:00+00:00,63300.893614877175,3,-0.30524096716944005,0.4,-0.7052409671694401,-0.06104819343388801,sl,False
bollinger_reentry,-1,2026-07-07 10:06:00+00:00,63373.062060000004,2026-07-07 10:20:00+00:00,63423.16875142545,14,-0.3953311533061443,0.4,-0.7953311533061443,-0.07906623066122886,sl,False
bollinger_reentry,-1,2026-07-07 12:11:00+00:00,63667.33263,2026-07-07 12:11:00+00:00,63743.22722290646,0,-0.5960245998329894,0.4,-0.9960245998329894,-0.11920491996659788,sl,False
bollinger_reentry,1,2026-07-07 13:28:00+00:00,63105.80995,2026-07-07 13:35:00+00:00,63042.79698164007,7,-0.4992643974449651,0.4,-0.8992643974449651,-0.09985287948899302,sl,False
bollinger_reentry,1,2026-07-07 21:22:00+00:00,63492.548619999994,2026-07-07 21:24:00+00:00,63432.527709804795,2,-0.47266105629512056,0.4,-0.8726610562951206,-0.09453221125902411,sl,False
bollinger_reentry,1,2026-07-07 23:46:00+00:00,63426.64203,2026-07-07 23:46:00+00:00,63388.78488517818,0,-0.2984325167641466,0.4,-0.6984325167641466,-0.05968650335282932,sl,False
bollinger_reentry,1,2026-07-08 01:36:00+00:00,63302.3296,2026-07-08 01:36:00+00:00,63248.610828302495,0,-0.42430327633236065,0.4,-0.8243032763323607,-0.08486065526647213,sl,False
bollinger_reentry,1,2026-07-08 01:40:00+00:00,62991.89856,2026-07-08 02:00:00+00:00,62908.25267019126,20,-0.6639416474252813,0.4,-1.0639416474252812,-0.13278832948505626,sl,False
bollinger_reentry,1,2026-07-08 02:04:00+00:00,62842.38361,2026-07-08 02:32:00+00:00,62767.69965472015,28,-0.5942164427064078,0.4,-0.9942164427064079,-0.11884328854128157,sl,False
bollinger_reentry,1,2026-07-08 03:56:00+00:00,62721.77155,2026-07-08 04:23:00+00:00,62859.2284485,27,1.095767028761463,0.4,0.6957670287614629,0.21915340575229258,tp,False
bollinger_reentry,-1,2026-07-08 07:27:00+00:00,62783.52102,2026-07-08 07:34:00+00:00,62835.23187929547,7,-0.41181872611917303,0.4,-0.811818726119173,-0.0823637452238346,sl,False
bollinger_reentry,1,2026-07-08 08:21:00+00:00,62401.83956,2026-07-08 08:21:00+00:00,62309.999337178495,0,-0.735877527562323,0.4,-1.135877527562323,-0.1471755055124646,sl,False
bollinger_reentry,1,2026-07-08 08:23:00+00:00,62296.02898,2026-07-08 08:23:00+00:00,62198.06545042432,0,-0.7862742712471671,0.4,-1.186274271247167,-0.15725485424943342,sl,False
bollinger_reentry,1,2026-07-08 08:25:00+00:00,62199.81936,2026-07-08 08:27:00+00:00,62098.83344230464,2,-0.8117862618770011,0.4,-1.211786261877001,-0.16235725237540022,sl,False
bollinger_reentry,1,2026-07-08 13:08:00+00:00,61839.983380000005,2026-07-08 13:25:00+00:00,61790.206946547005,17,-0.40246156881323936,0.4,-0.8024615688132394,-0.08049231376264787,sl,False
bollinger_reentry,-1,2026-07-09 04:35:00+00:00,62170.18236,2026-07-09 04:35:00+00:00,62214.23147643099,0,-0.354262403284622,0.4,-0.754262403284622,-0.0708524806569244,sl,False
bollinger_reentry,-1,2026-07-09 04:38:00+00:00,62216.17776,2026-07-09 04:40:00+00:00,62266.484354467524,2,-0.4042886937026813,0.4,-0.8042886937026813,-0.08085773874053626,sl,False
bollinger_reentry,-1,2026-07-09 04:53:00+00:00,62350.86429,2026-07-09 04:57:00+00:00,62397.93290161688,4,-0.37744955224650045,0.4,-0.7774495522465005,-0.07548991044930009,sl,False
bollinger_reentry,-1,2026-07-09 04:59:00+00:00,62403.958979999996,2026-07-09 05:00:00+00:00,62452.89083968557,1,-0.392057334866025,0.4,-0.792057334866025,-0.078411466973205,sl,False
bollinger_reentry,-1,2026-07-09 05:53:00+00:00,62493.84999,2026-07-09 05:56:00+00:00,62543.626077193716,3,-0.3982478852053717,0.4,-0.7982478852053717,-0.07964957704107434,sl,False
bollinger_reentry,-1,2026-07-09 06:04:00+00:00,62663.53302,2026-07-09 06:04:00+00:00,62715.582653415535,0,-0.4153103959118054,0.4,-0.8153103959118054,-0.08306207918236108,sl,False
bollinger_reentry,-1,2026-07-09 07:49:00+00:00,63097.089660000005,2026-07-09 08:12:00+00:00,62899.379309,23,1.5667152959460418,0.4,1.1667152959460418,0.31334305918920835,tp,False
bollinger_reentry,-1,2026-07-09 17:43:00+00:00,62981.60121,2026-07-09 17:47:00+00:00,63038.50759823913,4,-0.4517699387268648,0.4,-0.8517699387268648,-0.09035398774537295,sl,False
bollinger_reentry,-1,2026-07-09 18:10:00+00:00,63331.46622,2026-07-09 18:11:00+00:00,63415.72707881113,1,-0.6652369180781825,0.4,-1.0652369180781824,-0.1330473836156365,sl,False
bollinger_reentry,1,2026-07-09 21:29:00+00:00,63222.52162,2026-07-09 21:44:00+00:00,63192.60135600666,15,-0.23662662629292397,0.4,-0.636626626292924,-0.047325325258584794,sl,False
bollinger_reentry,1,2026-07-09 23:22:00+00:00,63051.70454,2026-07-09 23:23:00+00:00,63138.745493999995,1,0.6902347417490073,0.4,0.2902347417490073,0.13804694834980147,tp,False
bollinger_reentry,1,2026-07-10 00:36:00+00:00,62954.09478,2026-07-10 00:39:00+00:00,63080.74629450001,3,1.0059037060464737,0.4,0.6059037060464737,0.20118074120929474,tp,False
bollinger_reentry,-1,2026-07-10 01:53:00+00:00,63868.81248,2026-07-10 02:49:00+00:00,63961.15498761518,56,-0.722907660480554,0.4,-1.122907660480554,-0.1445815320961108,sl,False
bollinger_reentry,-1,2026-07-10 03:50:00+00:00,63971.10225,2026-07-10 04:20:00+00:00,64014.77257504423,30,-0.34132853357415893,0.4,-0.741328533574159,-0.06826570671483179,sl,False
bollinger_reentry,1,2026-07-10 06:22:00+00:00,63933.59271999999,2026-07-10 06:24:00+00:00,63895.47857146054,2,-0.2980760732966825,0.4,-0.6980760732966825,-0.0596152146593365,sl,False
bollinger_reentry,1,2026-07-10 06:27:00+00:00,63876.68703,2026-07-10 06:28:00+00:00,63840.02741606392,1,-0.2869561309501445,0.4,-0.6869561309501445,-0.0573912261900289,sl,False
bollinger_reentry,-1,2026-07-10 19:37:00+00:00,63995.79978,2026-07-10 20:02:00+00:00,63870.1013715,25,0.9820832689966807,0.4,0.5820832689966807,0.19641665379933615,tp,False
bollinger_reentry,1,2026-07-10 20:05:00+00:00,63840.983459999996,2026-07-10 20:14:00+00:00,63804.2911915252,9,-0.2873723624400859,0.4,-0.6873723624400859,-0.05747447248801718,sl,False
bollinger_reentry,-1,2026-07-10 22:32:00+00:00,64108.08855,2026-07-10 22:55:00+00:00,64143.33494612669,23,-0.2748981986820942,0.4,-0.6748981986820942,-0.05497963973641884,sl,False
bollinger_reentry,-1,2026-07-11 01:24:00+00:00,64216.977660000004,2026-07-11 01:38:00+00:00,64137.0780665,14,0.6221064616512839,0.4,0.2221064616512839,0.12442129233025678,tp,False
bollinger_reentry,-1,2026-07-11 02:45:00+00:00,64106.5887,2026-07-11 02:45:00+00:00,64134.80833974519,0,-0.22009937135514246,0.4,-0.6200993713551425,-0.04401987427102849,sl,False
bollinger_reentry,1,2026-07-11 04:10:00+00:00,64060.20538,2026-07-11 04:22:00+00:00,64106.048754,12,0.3578147597878001,0.4,-0.04218524021219994,0.07156295195756002,tp,False
bollinger_reentry,-1,2026-07-11 08:14:00+00:00,64208.67849,2026-07-11 08:20:00+00:00,64232.28332565109,6,-0.1838134361756838,0.4,-0.5838134361756838,-0.03676268723513676,sl,False
bollinger_reentry,1,2026-07-11 09:49:00+00:00,64146.81404,2026-07-11 10:19:00+00:00,64120.56093566859,30,-0.2046329558552662,0.4,-0.6046329558552662,-0.04092659117105324,sl,False
bollinger_reentry,-1,2026-07-11 14:29:00+00:00,64363.563,2026-07-11 14:30:00+00:00,64397.20995304915,1,-0.26138199534686546,0.4,-0.6613819953468655,-0.05227639906937309,sl,False
bollinger_reentry,-1,2026-07-11 17:31:00+00:00,64272.772079999995,2026-07-11 17:31:00+00:00,64302.57970504126,0,-0.2318837672362628,0.4,-0.6318837672362628,-0.04637675344725256,sl,False
bollinger_reentry,-1,2026-07-11 17:34:00+00:00,64333.566,2026-07-11 17:35:00+00:00,64366.68261642334,1,-0.2573820983539088,0.4,-0.6573820983539088,-0.05147641967078176,sl,False
bollinger_reentry,1,2026-07-11 23:28:00+00:00,63848.184180000004,2026-07-11 23:35:00+00:00,63794.01185102764,7,-0.42422763989374834,0.4,-0.8242276398937484,-0.08484552797874967,sl,False
bollinger_reentry,-1,2026-07-12 01:44:00+00:00,64131.68619,2026-07-12 03:33:00+00:00,64175.97626138578,109,-0.3453056828613965,0.4,-0.7453056828613965,-0.0690611365722793,sl,False
bollinger_reentry,1,2026-07-12 04:35:00+00:00,63993.29869,2026-07-12 04:35:00+00:00,63960.92016443067,0,-0.25298372042192874,0.4,-0.6529837204219288,-0.05059674408438575,sl,False
bollinger_reentry,1,2026-07-12 04:37:00+00:00,63953.19468,2026-07-12 05:16:00+00:00,63917.073752595825,39,-0.2824012747518756,0.4,-0.6824012747518756,-0.05648025495037512,sl,False
bollinger_reentry,1,2026-07-12 06:11:00+00:00,63754.974859999995,2026-07-12 06:12:00+00:00,63717.63492912562,1,-0.2928393506261284,0.4,-0.6928393506261284,-0.058567870125225685,sl,False
bollinger_reentry,1,2026-07-12 06:32:00+00:00,63639.76334,2026-07-12 06:35:00+00:00,63692.19514349999,3,0.41194216279427653,0.4,0.011942162794276512,0.0823884325588553,tp,False
bollinger_reentry,1,2026-07-12 09:19:00+00:00,63818.18118,2026-07-12 09:21:00+00:00,63784.47337101251,2,-0.26409252319820054,0.4,-0.6640925231982006,-0.05281850463964011,sl,False
bollinger_reentry,1,2026-07-12 09:24:00+00:00,63765.87595,2026-07-12 09:33:00+00:00,63855.65879550001,9,0.7040038591362707,0.4,0.3040038591362707,0.14080077182725415,tp,False
bollinger_reentry,-1,2026-07-12 09:44:00+00:00,63978.50151,2026-07-12 10:16:00+00:00,63871.4915105,32,0.8362965447329396,0.4,0.43629654473293955,0.16725930894658791,tp,False
bollinger_reentry,1,2026-07-12 10:44:00+00:00,63824.68183,2026-07-12 10:55:00+00:00,63847.359625499994,11,0.17765694124727283,0.4,-0.2223430587527272,0.035531388249454565,tp,False
bollinger_reentry,-1,2026-07-12 11:37:00+00:00,63982.10115,2026-07-12 11:37:00+00:00,64015.21876588712,0,-0.2588037536425114,0.4,-0.6588037536425114,-0.05176075072850228,sl,False
bollinger_reentry,-1,2026-07-12 12:15:00+00:00,64073.29203,2026-07-12 12:15:00+00:00,64107.92072826569,0,-0.2702272442118847,0.4,-0.6702272442118847,-0.05404544884237694,sl,False
bollinger_reentry,-1,2026-07-12 19:12:00+00:00,64183.08105,2026-07-12 19:34:00+00:00,64144.49380799999,22,0.3006029109910435,0.4,-0.0993970890089565,0.060120582198208705,tp,False
bollinger_reentry,-1,2026-07-12 19:55:00+00:00,64203.579,2026-07-12 19:57:00+00:00,64229.40078949473,2,-0.20109306908522306,0.4,-0.6010930690852231,-0.04021861381704461,sl,False
bollinger_reentry,1,2026-07-12 21:24:00+00:00,64095.30889,2026-07-12 21:25:00+00:00,64067.22504795667,1,-0.21907876356075384,0.4,-0.6190787635607539,-0.04381575271215077,sl,False
bollinger_reentry,1,2026-07-12 21:50:00+00:00,63926.29199,2026-07-12 21:50:00+00:00,63881.73020363049,0,-0.34854036564857527,0.4,-0.7485403656485753,-0.06970807312971505,sl,False
bollinger_reentry,1,2026-07-12 21:52:00+00:00,63902.98966,2026-07-12 21:54:00+00:00,63854.09259307935,2,-0.3825882574571837,0.4,-0.7825882574571837,-0.07651765149143674,sl,False
bollinger_reentry,1,2026-07-12 22:02:00+00:00,63794.87885,2026-07-12 22:03:00+00:00,63741.95348986782,1,-0.4148088458371668,0.4,-0.8148088458371668,-0.08296176916743336,sl,False
bollinger_reentry,1,2026-07-12 22:07:00+00:00,63729.97236,2026-07-12 22:19:00+00:00,63666.68586248585,12,-0.4965206728527738,0.4,-0.8965206728527738,-0.09930413457055476,sl,False
bollinger_reentry,-1,2026-07-13 00:14:00+00:00,64243.47501,2026-07-13 00:15:00+00:00,64326.96037239391,1,-0.6497575230862696,0.4,-1.0497575230862695,-0.1299515046172539,sl,False
bollinger_reentry,1,2026-07-13 00:43:00+00:00,63668.16618,2026-07-13 00:46:00+00:00,64008.87847199999,3,2.6756879649771914,0.4,2.2756879649771915,0.5351375929954383,tp,False
bollinger_reentry,1,2026-07-13 03:14:00+00:00,62997.699140000004,2026-07-13 03:19:00+00:00,62913.87565294497,5,-0.6652900677273643,0.4,-1.0652900677273642,-0.13305801354547286,sl,False
bollinger_reentry,1,2026-07-13 03:36:00+00:00,62762.775649999996,2026-07-13 04:04:00+00:00,62683.92221810037,28,-0.6281863021749823,0.4,-1.0281863021749822,-0.12563726043499646,sl,False
bollinger_reentry,1,2026-07-13 04:38:00+00:00,62644.96387,2026-07-13 05:00:00+00:00,62587.75088575736,22,-0.4566447221628356,0.4,-0.8566447221628356,-0.09132894443256712,sl,False
bollinger_reentry,-1,2026-07-13 07:28:00+00:00,62924.106960000005,2026-07-13 07:28:00+00:00,62968.17555140166,0,-0.35017256128622165,0.4,-0.7501725612862217,-0.07003451225724433,sl,False
bollinger_reentry,-1,2026-07-13 08:52:00+00:00,63181.6812,2026-07-13 09:28:00+00:00,63084.6828375,36,0.767614604880118,0.4,0.367614604880118,0.1535229209760236,tp,False
bollinger_reentry,1,2026-07-13 10:46:00+00:00,62935.89296,2026-07-13 10:46:00+00:00,62898.8295602844,0,-0.294453593747801,0.4,-0.694453593747801,-0.0588907187495602,sl,False
bollinger_reentry,-1,2026-07-13 11:11:00+00:00,63093.69,2026-07-13 11:31:00+00:00,62964.945865,20,1.0202615744934196,0.4,0.6202615744934196,0.20405231489868392,tp,False
bollinger_reentry,1,2026-07-13 12:39:00+00:00,62596.559030000004,2026-07-13 12:40:00+00:00,62542.466785836,1,-0.43207042848858457,0.4,-0.8320704284885846,-0.08641408569771691,sl,False
bollinger_reentry,1,2026-07-13 12:41:00+00:00,62551.55453,2026-07-13 13:11:00+00:00,62497.76419140961,30,-0.429968039919737,0.4,-0.829968039919737,-0.0859936079839474,sl,False
bollinger_reentry,1,2026-07-13 16:22:00+00:00,62339.73335,2026-07-13 16:22:00+00:00,62285.6671888238,0,-0.43364126112521717,0.4,-0.8336412611252172,-0.08672825222504343,sl,False
bollinger_reentry,-1,2026-07-13 19:57:00+00:00,62241.97518,2026-07-13 20:04:00+00:00,62283.87319932305,7,-0.33657366433081926,0.4,-0.7365736643308193,-0.06731473286616385,sl,False
bollinger_reentry,1,2026-07-13 21:42:00+00:00,61898.48923,2026-07-13 21:51:00+00:00,61994.6349165,9,0.7766400092799053,0.4,0.37664000927990526,0.15532800185598106,tp,False
bollinger_reentry,1,2026-07-13 22:59:00+00:00,61911.1905,2026-07-13 23:00:00+00:00,61871.32137893648,1,-0.32198638680286384,0.4,-0.7219863868028639,-0.06439727736057277,sl,False
bollinger_reentry,-1,2026-07-13 23:53:00+00:00,62227.37664,2026-07-13 23:54:00+00:00,62271.11233847553,1,-0.3514184659313413,0.4,-0.7514184659313413,-0.07028369318626826,sl,False
bollinger_reentry,1,2026-07-14 02:28:00+00:00,62308.93027,2026-07-14 02:38:00+00:00,62440.410334500004,10,1.0550659747348146,0.4,0.6550659747348145,0.2110131949469629,tp,False
bollinger_reentry,1,2026-07-14 03:15:00+00:00,62370.53643,2026-07-14 03:18:00+00:00,62331.74673998206,3,-0.3109616514319624,0.4,-0.7109616514319624,-0.06219233028639248,sl,False
bollinger_reentry,-1,2026-07-14 04:36:00+00:00,62711.128260000005,2026-07-14 04:36:00+00:00,62749.08762438598,0,-0.3026525390246171,0.4,-0.7026525390246171,-0.06053050780492342,sl,False
bollinger_reentry,1,2026-07-14 06:10:00+00:00,62639.2633,2026-07-14 06:13:00+00:00,62670.812292,3,0.2518308033805372,0.4,-0.14816919661946282,0.05036616067610744,tp,False
bollinger_reentry,-1,2026-07-14 08:41:00+00:00,62718.22755,2026-07-14 08:41:00+00:00,62755.78432858267,0,-0.2994088006770257,0.4,-0.6994088006770257,-0.05988176013540514,sl,False
bollinger_reentry,-1,2026-07-14 08:43:00+00:00,62763.02307,2026-07-14 08:51:00+00:00,62659.505324000005,8,0.8246714461518367,0.4,0.4246714461518367,0.16493428923036735,tp,False
bollinger_reentry,1,2026-07-14 09:39:00+00:00,62531.952569999994,2026-07-14 09:46:00+00:00,62497.64435879873,7,-0.27432544316330354,0.4,-0.6743254431633036,-0.05486508863266071,sl,False
bollinger_reentry,-1,2026-07-14 12:23:00+00:00,62931.006270000005,2026-07-14 12:23:00+00:00,62970.13521188922,0,-0.3108876228781199,0.4,-0.7108876228781199,-0.06217752457562398,sl,False
bollinger_reentry,-1,2026-07-14 12:26:00+00:00,62993.7,2026-07-14 12:27:00+00:00,63045.0291659441,1,-0.40741507439712166,0.4,-0.8074150743971217,-0.08148301487942433,sl,False
bollinger_reentry,-1,2026-07-14 15:34:00+00:00,64751.62419,2026-07-14 15:34:00+00:00,64873.39916071598,0,-0.9403236771223789,0.4,-1.3403236771223788,-0.18806473542447577,sl,False
bollinger_reentry,1,2026-07-14 17:10:00+00:00,64572.25658,2026-07-14 17:11:00+00:00,64524.651784673486,1,-0.36861647592828506,0.4,-0.7686164759282851,-0.07372329518565701,sl,False
bollinger_reentry,1,2026-07-14 22:14:00+00:00,64519.4513,2026-07-14 22:18:00+00:00,64582.04115,4,0.4850463599649357,0.4,0.0850463599649357,0.09700927199298714,tp,False
bollinger_reentry,-1,2026-07-14 22:23:00+00:00,64930.90626,2026-07-14 23:10:00+00:00,65017.65818292372,47,-0.668032589721923,0.4,-1.068032589721923,-0.1336065179443846,sl,False
bollinger_reentry,-1,2026-07-15 03:12:00+00:00,64613.13804,2026-07-15 03:13:00+00:00,64644.72587555201,1,-0.24443817859809425,0.4,-0.6444381785980943,-0.04888763571961885,sl,False
bollinger_reentry,1,2026-07-15 07:25:00+00:00,64630.4624,2026-07-15 07:26:00+00:00,64580.10593943102,1,-0.38957218236596036,0.4,-0.7895721823659604,-0.07791443647319207,sl,False
bollinger_reentry,1,2026-07-15 07:30:00+00:00,64509.85034,2026-07-15 08:39:00+00:00,64699.979354999996,69,1.473643280816228,0.4,1.0736432808162282,0.2947286561632456,tp,False
bollinger_reentry,-1,2026-07-15 09:22:00+00:00,64881.611189999996,2026-07-15 09:28:00+00:00,64812.370589,6,0.5335918739535761,0.4,0.13359187395357608,0.10671837479071522,tp,False
bollinger_reentry,1,2026-07-15 09:43:00+00:00,64690.26838,2026-07-15 09:52:00+00:00,64653.01097947834,9,-0.287967583491866,0.4,-0.687967583491866,-0.057593516698373204,sl,False
bollinger_reentry,1,2026-07-15 13:51:00+00:00,64915.99095,2026-07-15 14:06:00+00:00,65257.3486125,15,2.6292263085294643,0.4,2.2292263085294644,0.5258452617058929,tp,False
bollinger_reentry,1,2026-07-15 16:08:00+00:00,65156.21496999999,2026-07-15 16:13:00+00:00,65084.32257844133,5,-0.5516925100066405,0.4,-0.9516925100066406,-0.11033850200132811,sl,False
bollinger_reentry,1,2026-07-15 16:40:00+00:00,64826.481999999996,2026-07-15 16:46:00+00:00,65014.3329165,6,1.4488748325106604,0.4,1.0488748325106605,0.2897749665021321,tp,False
bollinger_reentry,1,2026-07-15 21:40:00+00:00,64770.37639,2026-07-15 22:02:00+00:00,64834.175934,22,0.4925055832302183,0.4,0.09250558323021829,0.09850111664604366,tp,False
bollinger_reentry,1,2026-07-15 23:45:00+00:00,64715.170869999994,2026-07-15 23:47:00+00:00,64681.18570459585,2,-0.26257494917542035,0.4,-0.6625749491754204,-0.05251498983508407,sl,False
bollinger_reentry,1,2026-07-16 00:28:00+00:00,64562.75563,2026-07-16 00:33:00+00:00,64515.554902528726,5,-0.3655414566083315,0.4,-0.7655414566083315,-0.0731082913216663,sl,False
bollinger_reentry,-1,2026-07-16 05:18:00+00:00,64768.5225,2026-07-16 05:21:00+00:00,64806.59578654531,3,-0.2939181339617347,0.4,-0.6939181339617347,-0.058783626792346944,sl,False
bollinger_reentry,1,2026-07-16 06:40:00+00:00,64648.16417,2026-07-16 06:53:00+00:00,64764.4379085,13,0.8992810545573882,0.4,0.49928105455738814,0.17985621091147763,tp,False
bollinger_reentry,1,2026-07-16 07:17:00+00:00,64586.15796999999,2026-07-16 07:18:00+00:00,64549.21815500243,1,-0.2859731570866719,0.4,-0.685973157086672,-0.057194631417334385,sl,False
bollinger_reentry,1,2026-07-16 07:33:00+00:00,64433.142669999994,2026-07-16 07:35:00+00:00,64394.327464745635,2,-0.3012052776407148,0.4,-0.7012052776407148,-0.06024105552814296,sl,False
bollinger_reentry,1,2026-07-16 07:40:00+00:00,64241.4235,2026-07-16 07:40:00+00:00,64191.932775653426,0,-0.38519324176067293,0.4,-0.785193241760673,-0.07703864835213459,sl,False
bollinger_reentry,1,2026-07-16 08:17:00+00:00,63913.69073,2026-07-16 08:28:00+00:00,64093.58000100001,11,1.4072827663789145,0.4,1.0072827663789146,0.2814565532757829,tp,False
bollinger_reentry,-1,2026-07-16 08:39:00+00:00,64288.17054,2026-07-16 08:44:00+00:00,64112.16557549999,5,1.3688751991355885,0.4,0.9688751991355885,0.2737750398271177,tp,False
bollinger_reentry,1,2026-07-16 12:43:00+00:00,63911.89055,2026-07-16 12:44:00+00:00,63860.49667986232,1,-0.40206814174481575,0.4,-0.8020681417448158,-0.08041362834896315,sl,False
bollinger_reentry,-1,2026-07-17 01:08:00+00:00,63976.501710000004,2026-07-17 01:08:00+00:00,64032.31462402913,0,-0.4361985458514184,0.4,-0.8361985458514184,-0.08723970917028367,sl,False
bollinger_reentry,1,2026-07-17 01:48:00+00:00,63651.86455,2026-07-17 01:49:00+00:00,63596.16895610639,1,-0.4375016685477795,0.4,-0.8375016685477795,-0.0875003337095559,sl,False
bollinger_reentry,1,2026-07-17 04:23:00+00:00,63326.53202,2026-07-17 04:43:00+00:00,63439.31043450001,20,0.890451528787306,0.4,0.490451528787306,0.1780903057574612,tp,False
bollinger_reentry,1,2026-07-17 05:33:00+00:00,63196.41901,2026-07-17 05:34:00+00:00,63150.813528463295,1,-0.3608233049525178,0.4,-0.7608233049525178,-0.07216466099050356,sl,False
bollinger_reentry,1,2026-07-17 05:42:00+00:00,62998.19919,2026-07-17 05:44:00+00:00,62930.613199180945,2,-0.5364120854884913,0.4,-0.9364120854884913,-0.10728241709769826,sl,False
bollinger_reentry,1,2026-07-17 05:48:00+00:00,62840.88346,2026-07-17 05:52:00+00:00,62770.288156370014,4,-0.5616988474940743,0.4,-0.9616988474940743,-0.11233976949881486,sl,False
bollinger_reentry,-1,2026-07-17 09:46:00+00:00,63017.6976,2026-07-17 09:49:00+00:00,62960.815452,3,0.4513188371388366,0.4,0.05131883713883656,0.09026376742776732,tp,False
bollinger_reentry,-1,2026-07-17 11:42:00+00:00,63249.6744,2026-07-17 11:45:00+00:00,63285.719747013325,3,-0.28494492149766515,0.4,-0.6849449214976652,-0.05698898429953303,sl,False
bollinger_reentry,1,2026-07-17 13:09:00+00:00,62834.2828,2026-07-17 13:11:00+00:00,62781.503434419865,2,-0.4199886051706181,0.4,-0.8199886051706181,-0.08399772103412362,sl,False
bollinger_reentry,1,2026-07-17 13:40:00+00:00,62561.35551,2026-07-17 13:50:00+00:00,62775.6168105,10,1.7124093520141104,0.4,1.3124093520141105,0.3424818704028221,tp,False
bollinger_reentry,-1,2026-07-17 14:02:00+00:00,63171.28224,2026-07-17 14:06:00+00:00,63277.3213606978,4,-0.8392984671020676,0.4,-1.2392984671020675,-0.1678596934204135,sl,False
bollinger_reentry,-1,2026-07-17 16:01:00+00:00,63399.35943,2026-07-17 16:10:00+00:00,63458.406715504556,9,-0.46567730364655,0.4,-0.86567730364655,-0.09313546072931,sl,False
bollinger_reentry,-1,2026-07-17 17:13:00+00:00,63964.20294,2026-07-17 17:26:00+00:00,64049.091930336894,13,-0.6635663889732468,0.4,-1.0635663889732467,-0.13271327779464936,sl,False
bollinger_reentry,-1,2026-07-17 18:51:00+00:00,64274.5719,2026-07-17 18:53:00+00:00,64337.78627978579,2,-0.4917526318505283,0.4,-0.8917526318505283,-0.09835052637010566,sl,False
bollinger_reentry,1,2026-07-17 23:08:00+00:00,63887.58811999999,2026-07-17 23:11:00+00:00,63862.76211121282,3,-0.19429445935997824,0.4,-0.5942944593599783,-0.03885889187199565,sl,False
bollinger_reentry,-1,2026-07-17 23:34:00+00:00,63966.10275,2026-07-17 23:34:00+00:00,63988.24372082956,0,-0.1730679991251982,0.4,-0.5730679991251982,-0.03461359982503964,sl,False
bollinger_reentry,-1,2026-07-18 00:20:00+00:00,63974.6019,2026-07-18 00:34:00+00:00,63921.89655049999,14,0.411924013082543,0.4,0.011924013082542984,0.0823848026165086,tp,False
bollinger_reentry,-1,2026-07-18 01:27:00+00:00,63955.20384,2026-07-18 01:28:00+00:00,63978.509780146145,1,-0.18220519009248815,0.4,-0.5822051900924882,-0.03644103801849763,sl,False
bollinger_reentry,-1,2026-07-18 08:34:00+00:00,63990.30033,2026-07-18 08:41:00+00:00,63974.031763499996,7,0.12711744136301162,0.4,-0.2728825586369884,0.025423488272602324,tp,False
bollinger_reentry,-1,2026-07-18 09:57:00+00:00,63957.20364,2026-07-18 10:07:00+00:00,63972.68229550931,10,-0.12100791332614325,0.4,-0.5210079133261433,-0.02420158266522865,sl,False
bollinger_reentry,-1,2026-07-18 10:27:00+00:00,63967.802579999996,2026-07-18 10:29:00+00:00,63982.45908128829,2,-0.11456155047662175,0.4,-0.5145615504766218,-0.02291231009532435,sl,False
bollinger_reentry,-1,2026-07-18 10:31:00+00:00,63973.80198,2026-07-18 10:33:00+00:00,63988.72466672025,2,-0.11663123230443162,0.4,-0.5166312323044316,-0.023326246460886324,sl,False
bollinger_reentry,-1,2026-07-18 10:35:00+00:00,63977.80158,2026-07-18 10:35:00+00:00,63992.39053181687,0,-0.11401573246172525,0.4,-0.5140157324617253,-0.02280314649234505,sl,False
bollinger_reentry,-1,2026-07-18 12:04:00+00:00,64076.69169,2026-07-18 12:04:00+00:00,64101.749851049295,0,-0.19553257501592203,0.4,-0.595532575015922,-0.039106515003184406,sl,False
bollinger_reentry,-1,2026-07-18 12:08:00+00:00,64108.28853,2026-07-18 12:22:00+00:00,64049.764336,14,0.4564479519104103,0.4,0.0564479519104103,0.09128959038208206,tp,False
bollinger_reentry,1,2026-07-18 13:15:00+00:00,63988.09817,2026-07-18 13:20:00+00:00,63953.783271529064,5,-0.2681350083242884,0.4,-0.6681350083242884,-0.053627001664857676,sl,False
bollinger_reentry,-1,2026-07-18 16:56:00+00:00,64260.77328,2026-07-18 16:56:00+00:00,64295.871494610954,0,-0.27309206549708254,0.4,-0.6730920654970826,-0.05461841309941651,sl,False
bollinger_reentry,-1,2026-07-18 17:42:00+00:00,64387.16064,2026-07-18 17:44:00+00:00,64424.36760941647,2,-0.28893159013876346,0.4,-0.6889315901387635,-0.05778631802775269,sl,False
bollinger_reentry,1,2026-07-19 03:10:00+00:00,64707.670119999995,2026-07-19 03:15:00+00:00,64681.22554919229,5,-0.20433876508507698,0.4,-0.604338765085077,-0.040867753017015396,sl,False
bollinger_reentry,1,2026-07-19 05:32:00+00:00,64689.568309999995,2026-07-19 05:32:00+00:00,64665.8692878394,0,-0.18317499080400257,0.4,-0.5831749908040026,-0.036634998160800514,sl,False
bollinger_reentry,-1,2026-07-19 07:44:00+00:00,64737.72558,2026-07-19 07:49:00+00:00,64708.630216,5,0.2247172243025619,0.4,-0.1752827756974381,0.04494344486051238,tp,False
bollinger_reentry,1,2026-07-19 09:22:00+00:00,64544.25378,2026-07-19 09:38:00+00:00,64517.3641814992,16,-0.20830358185291997,0.4,-0.60830358185292,-0.041660716370583994,sl,False
bollinger_reentry,1,2026-07-19 11:53:00+00:00,64453.64472,2026-07-19 11:56:00+00:00,64426.35204476641,3,-0.21172328851337685,0.4,-0.6117232885133769,-0.04234465770267537,sl,False
bollinger_reentry,1,2026-07-19 12:12:00+00:00,64351.434499999996,2026-07-19 12:14:00+00:00,64321.928541507405,2,-0.22925641613003034,0.4,-0.6292564161300304,-0.04585128322600607,sl,False
bollinger_reentry,1,2026-07-19 18:07:00+00:00,64441.143469999995,2026-07-19 18:07:00+00:00,64404.76339326834,0,-0.2822736746485033,0.4,-0.6822736746485033,-0.056454734929700656,sl,False
bollinger_reentry,1,2026-07-19 21:43:00+00:00,64362.83564,2026-07-19 21:43:00+00:00,64330.88085975209,0,-0.24823937548867914,0.4,-0.6482393754886792,-0.04964787509773583,sl,False
bollinger_reentry,1,2026-07-19 21:45:00+00:00,64330.53241,2026-07-19 21:53:00+00:00,64394.96985900001,8,0.5008309941330058,0.4,0.10083099413300578,0.10016619882660116,tp,False
bollinger_reentry,-1,2026-07-20 00:13:00+00:00,64897.5096,2026-07-20 00:13:00+00:00,64962.386564507244,0,-0.49984171123917953,0.4,-0.8998417112391796,-0.0999683422478359,sl,False
bollinger_reentry,-1,2026-07-20 00:15:00+00:00,64980.90126,2026-07-20 00:16:00+00:00,65051.0655522537,1,-0.5398839573874659,0.4,-0.9398839573874659,-0.10797679147749317,sl,False
bollinger_reentry,1,2026-07-20 00:54:00+00:00,64514.25078,2026-07-20 01:07:00+00:00,64734.870865499994,13,1.7098554414924916,0.4,1.3098554414924917,0.3419710882984983,tp,False
bollinger_reentry,1,2026-07-20 01:56:00+00:00,64486.74803,2026-07-20 02:01:00+00:00,64702.489104,5,1.672755105433743,0.4,1.2727551054337432,0.3345510210867486,tp,False
bollinger_reentry,1,2026-07-20 04:19:00+00:00,64631.96255,2026-07-20 04:27:00+00:00,64718.78247449999,8,0.6716485240010339,0.4,0.2716485240010339,0.13432970480020678,tp,False
bollinger_reentry,1,2026-07-20 05:15:00+00:00,64223.4217,2026-07-20 05:15:00+00:00,64153.96049905171,0,-0.5407777965549254,0.4,-0.9407777965549254,-0.10815555931098508,sl,False
bollinger_reentry,1,2026-07-20 08:40:00+00:00,63956.09497,2026-07-20 08:44:00+00:00,63894.06266234607,4,-0.4849600939755838,0.4,-0.8849600939755838,-0.09699201879511676,sl,False
bollinger_reentry,-1,2026-07-20 11:38:00+00:00,64857.61359,2026-07-20 11:47:00+00:00,64939.62069328796,9,-0.6322087627704809,0.4,-1.0322087627704808,-0.12644175255409618,sl,False
bollinger_reentry,-1,2026-07-20 15:11:00+00:00,64783.620989999996,2026-07-20 15:12:00+00:00,64873.553352877876,1,-0.6940979950145199,0.4,-1.0940979950145198,-0.13881959900290397,sl,False
bollinger_reentry,-1,2026-07-20 15:48:00+00:00,65331.266220000005,2026-07-20 15:52:00+00:00,65419.844041227116,4,-0.6779129378025051,0.4,-1.077912937802505,-0.135582587560501,sl,False
bollinger_reentry,1,2026-07-20 18:47:00+00:00,65298.82923,2026-07-20 18:51:00+00:00,65237.53122945245,4,-0.4693652341885568,0.4,-0.8693652341885568,-0.09387304683771136,sl,False
bollinger_reentry,1,2026-07-20 22:06:00+00:00,65140.31338,2026-07-20 22:34:00+00:00,65097.24497030354,28,-0.3305818429611973,0.4,-0.7305818429611973,-0.06611636859223946,sl,False
bollinger_reentry,-1,2026-07-21 04:08:00+00:00,65690.33030999999,2026-07-21 04:16:00+00:00,65554.5798025,8,1.0332609598655562,0.4,0.6332609598655562,0.20665219197311124,tp,False
bollinger_reentry,-1,2026-07-21 23:57:00+00:00,66523.347,2026-07-22 00:02:00+00:00,66560.16119925556,5,-0.2767013455859946,0.4,-0.6767013455859946,-0.055340269117198915,sl,False
bollinger_reentry,1,2026-07-22 01:25:00+00:00,66336.633,2026-07-22 01:42:00+00:00,66288.17240423556,17,-0.3652627030711342,0.4,-0.7652627030711342,-0.07305254061422684,sl,False
bollinger_reentry,1,2026-07-22 05:20:00+00:00,66153.41468,2026-07-22 05:20:00+00:00,66115.62092108066,0,-0.2856523665646371,0.4,-0.6856523665646371,-0.05713047331292742,sl,False
bollinger_reentry,1,2026-07-22 05:24:00+00:00,66059.10525,2026-07-22 05:24:00+00:00,66015.79071252355,0,-0.3278468374081078,0.4,-0.7278468374081078,-0.06556936748162157,sl,False
bollinger_reentry,1,2026-07-22 09:38:00+00:00,65850.78442,2026-07-22 09:52:00+00:00,65815.48776922774,14,-0.2680047859957013,0.4,-0.6680047859957013,-0.053600957199140264,sl,False
bollinger_reentry,-1,2026-07-22 10:51:00+00:00,66057.99354000001,2026-07-22 11:15:00+00:00,65978.9422345,24,0.5983477643181634,0.4,0.19834776431816337,0.11966955286363268,tp,False
bollinger_reentry,1,2026-07-22 12:10:00+00:00,65862.98564,2026-07-22 12:17:00+00:00,65828.66071995457,7,-0.2605782269957113,0.4,-0.6605782269957113,-0.05211564539914226,sl,False
bollinger_reentry,-1,2026-07-22 15:28:00+00:00,66066.89265,2026-07-22 15:37:00+00:00,65947.11405199999,9,0.9064948660030825,0.4,0.5064948660030825,0.1812989732006165,tp,False
bollinger_reentry,-1,2026-07-22 21:40:00+00:00,66005.79875999999,2026-07-22 21:40:00+00:00,66038.22929710544,0,-0.2456643030968042,0.4,-0.6456643030968042,-0.04913286061936084,sl,False
bollinger_reentry,-1,2026-07-22 21:42:00+00:00,66030.09633,2026-07-22 21:42:00+00:00,66065.0232740348,0,-0.26447745782653964,0.4,-0.6644774578265397,-0.05289549156530793,sl,False
bollinger_reentry,1,2026-07-22 23:19:00+00:00,65835.78292,2026-07-22 23:27:00+00:00,65953.1290275,8,0.8912030987966446,0.4,0.4912030987966446,0.17824061975932892,tp,False
bollinger_reentry,-1,2026-07-23 00:00:00+00:00,66075.3918,2026-07-23 00:04:00+00:00,66111.85272115549,4,-0.2759039345983094,0.4,-0.6759039345983094,-0.055180786919661884,sl,False
bollinger_reentry,-1,2026-07-23 00:08:00+00:00,66158.28351,2026-07-23 00:09:00+00:00,66199.67052614164,1,-0.31278786227417754,0.4,-0.7127878622741776,-0.06255757245483551,sl,False
bollinger_reentry,1,2026-07-23 01:19:00+00:00,65898.5892,2026-07-23 01:30:00+00:00,65849.78871605154,11,-0.3702695652584853,0.4,-0.7702695652584853,-0.07405391305169706,sl,False
bollinger_reentry,1,2026-07-23 01:40:00+00:00,65744.87383,2026-07-23 02:14:00+00:00,65694.23011915493,34,-0.38515330469729436,0.4,-0.7851533046972944,-0.07703066093945887,sl,False
bollinger_reentry,-1,2026-07-23 05:34:00+00:00,65741.82516,2026-07-23 05:50:00+00:00,65663.175661,16,0.5981694211301125,0.4,0.1981694211301125,0.1196338842260225,tp,False
bollinger_reentry,1,2026-07-23 07:15:00+00:00,65429.94234,2026-07-23 07:20:00+00:00,65368.22710826066,5,-0.47161306836129846,0.4,-0.8716130683612985,-0.09432261367225969,sl,False
bollinger_reentry,1,2026-07-23 12:39:00+00:00,65133.812730000005,2026-07-23 12:42:00+00:00,65077.63493711079,3,-0.4312490742871544,0.4,-0.8312490742871544,-0.08624981485743088,sl,False
bollinger_reentry,-1,2026-07-23 18:35:00+00:00,64838.5155,2026-07-23 18:42:00+00:00,64760.86043849999,7,0.5988343571808885,0.4,0.1988343571808885,0.1197668714361777,tp,False
bollinger_reentry,-1,2026-07-23 18:54:00+00:00,64905.5088,2026-07-23 18:57:00+00:00,64839.9483465,3,0.5050453706635372,0.4,0.10504537066353714,0.10100907413270743,tp,False
bollinger_reentry,-1,2026-07-23 20:05:00+00:00,64912.408110000004,2026-07-23 20:05:00+00:00,64958.78244752946,0,-0.35720703390695885,0.4,-0.7572070339069589,-0.07144140678139177,sl,False
bollinger_reentry,-1,2026-07-23 20:08:00+00:00,65016.29772,2026-07-23 20:16:00+00:00,65067.94631155329,8,-0.39719726718157045,0.4,-0.7971972671815705,-0.07943945343631409,sl,False
bollinger_reentry,1,2026-07-23 21:14:00+00:00,65021.20147,2026-07-23 21:18:00+00:00,64988.411171225554,4,-0.25215082183288606,0.4,-0.6521508218328861,-0.05043016436657721,sl,False
bollinger_reentry,1,2026-07-24 00:12:00+00:00,64892.58861,2026-07-24 00:28:00+00:00,64847.67335988739,16,-0.3460738049960166,0.4,-0.7460738049960166,-0.06921476099920332,sl,False
bollinger_reentry,-1,2026-07-24 03:10:00+00:00,65238.97545,2026-07-24 03:12:00+00:00,65286.58026613386,2,-0.3648495075643243,0.4,-0.7648495075643243,-0.07296990151286487,sl,False
bollinger_reentry,-1,2026-07-24 06:22:00+00:00,65445.95475,2026-07-24 06:38:00+00:00,65482.89093115239,16,-0.28218842015126366,0.4,-0.6821884201512637,-0.05643768403025273,sl,False
bollinger_reentry,-1,2026-07-24 07:13:00+00:00,65692.93005,2026-07-24 07:13:00+00:00,65737.17417386829,0,-0.3367495089244832,0.4,-0.7367495089244832,-0.06734990178489664,sl,False
bollinger_reentry,1,2026-07-24 08:57:00+00:00,65304.62981,2026-07-24 08:59:00+00:00,65276.23398258703,2,-0.2174105227729095,0.4,-0.6174105227729095,-0.0434821045545819,sl,False
bollinger_reentry,1,2026-07-24 09:08:00+00:00,65125.01185,2026-07-24 09:10:00+00:00,65083.844509972434,2,-0.3160639734115511,0.4,-0.7160639734115511,-0.06321279468231022,sl,False
bollinger_reentry,1,2026-07-24 11:49:00+00:00,64855.38489,2026-07-24 11:50:00+00:00,64934.2809225,1,0.6082458120771905,0.4,0.2082458120771905,0.1216491624154381,tp,False
bollinger_reentry,1,2026-07-24 12:50:00+00:00,64824.88184,2026-07-24 12:56:00+00:00,64778.76015725148,6,-0.3557405847831596,0.4,-0.7557405847831596,-0.07114811695663192,sl,False
bollinger_reentry,1,2026-07-24 13:11:00+00:00,64409.4403,2026-07-24 13:13:00+00:00,64334.03056602474,2,-0.5853934890912571,0.4,-0.9853934890912571,-0.11707869781825142,sl,False
bollinger_reentry,1,2026-07-24 13:32:00+00:00,64298.629219999995,2026-07-24 13:37:00+00:00,64236.97384405689,5,-0.47944549278139403,0.4,-0.8794454927813941,-0.0958890985562788,sl,False
bollinger_reentry,1,2026-07-24 13:57:00+00:00,63961.3955,2026-07-24 14:17:00+00:00,63878.03495249247,20,-0.6516473480283058,0.4,-1.0516473480283057,-0.13032946960566116,sl,False
bollinger_reentry,-1,2026-07-24 15:41:00+00:00,64273.97196,2026-07-24 15:45:00+00:00,64143.868745499996,4,1.0120987588955188,0.4,0.6120987588955188,0.20241975177910376,tp,False
bollinger_reentry,-1,2026-07-24 17:28:00+00:00,64106.18874,2026-07-24 17:34:00+00:00,64150.882786480564,6,-0.34859385153773736,0.4,-0.7485938515377374,-0.06971877030754747,sl,False
bollinger_reentry,-1,2026-07-24 18:55:00+00:00,64243.17504,2026-07-24 19:07:00+00:00,64173.7517335,12,0.5403165897138185,0.4,0.14031658971381844,0.10806331794276369,tp,False
bollinger_reentry,1,2026-07-25 00:47:00+00:00,64083.807740000004,2026-07-25 00:56:00+00:00,64062.49698169578,9,-0.16627256600204587,0.4,-0.5662725660020459,-0.033254513200409175,sl,False
bollinger_reentry,1,2026-07-25 01:13:00+00:00,64011.90055,2026-07-25 01:13:00+00:00,63986.89829576987,0,-0.1952937970541857,0.4,-0.5952937970541857,-0.03905875941083714,sl,False
bollinger_reentry,1,2026-07-25 01:15:00+00:00,63997.29909,2026-07-25 01:35:00+00:00,64052.0491545,20,0.42775293081509513,0.4,0.02775293081509511,0.08555058616301903,tp,False
bollinger_reentry,-1,2026-07-25 04:07:00+00:00,64081.291229999995,2026-07-25 04:08:00+00:00,64100.2654352292,1,-0.14804793150235973,0.4,-0.5480479315023598,-0.029609586300471946,sl,False
bollinger_reentry,-1,2026-07-25 04:46:00+00:00,64153.983960000005,2026-07-25 04:51:00+00:00,64175.03007832742,5,-0.16402814781180108,0.4,-0.5640281478118011,-0.03280562956236022,sl,False
bollinger_reentry,1,2026-07-25 05:41:00+00:00,64002.99966,2026-07-25 05:53:00+00:00,63981.19322902804,12,-0.1703547574942177,0.4,-0.5703547574942177,-0.03407095149884354,sl,False
bollinger_reentry,1,2026-07-25 05:55:00+00:00,63989.29829,2026-07-25 06:03:00+00:00,63998.3845215,8,0.0709980554781664,0.4,-0.3290019445218336,0.01419961109563328,tp,False
bollinger_reentry,1,2026-07-25 08:08:00+00:00,63922.3916,2026-07-25 08:08:00+00:00,63900.94946361621,0,-0.1677200731002304,0.4,-0.5677200731002304,-0.03354401462004608,sl,False
bollinger_reentry,1,2026-07-25 08:54:00+00:00,63803.579719999994,2026-07-25 08:55:00+00:00,63768.96958616865,1,-0.27122407538282545,0.4,-0.6712240753828255,-0.05424481507656509,sl,False
bollinger_reentry,-1,2026-07-25 09:54:00+00:00,63973.10205,2026-07-25 10:01:00+00:00,63998.34486331967,7,-0.1972923972011209,0.4,-0.5972923972011209,-0.03945847944022418,sl,False
bollinger_reentry,-1,2026-07-25 10:14:00+00:00,63997.69959,2026-07-25 10:19:00+00:00,64018.066149426726,5,-0.15911946489644002,0.4,-0.55911946489644,-0.031823892979288004,sl,False
bollinger_reentry,-1,2026-07-25 13:48:00+00:00,64193.48001,2026-07-25 13:49:00+00:00,64223.06179239868,1,-0.23041111335664333,0.4,-0.6304111133566433,-0.046082222671328665,sl,False
bollinger_reentry,1,2026-07-25 21:15:00+00:00,64260.4254,2026-07-25 21:18:00+00:00,64239.52450661976,3,-0.1626264785062892,0.4,-0.5626264785062892,-0.03252529570125784,sl,False
bollinger_reentry,-1,2026-07-25 21:38:00+00:00,64335.16584,2026-07-25 21:46:00+00:00,64356.08682059776,8,-0.16259366339232972,0.4,-0.5625936633923297,-0.032518732678465945,sl,False
bollinger_reentry,1,2026-07-25 23:55:00+00:00,64338.53321,2026-07-26 00:01:00+00:00,64320.03623542452,6,-0.1437472510844029,0.4,-0.5437472510844029,-0.02874945021688058,sl,False
bollinger_reentry,-1,2026-07-26 02:54:00+00:00,64477.05165,2026-07-26 02:54:00+00:00,64499.09120015906,0,-0.17091003384195336,0.4,-0.5709100338419534,-0.03418200676839067,sl,False
bollinger_reentry,1,2026-07-26 05:58:00+00:00,64401.239480000004,2026-07-26 05:59:00+00:00,64381.02274723959,1,-0.15695918994457214,0.4,-0.5569591899445722,-0.03139183798891443,sl,False
bollinger_reentry,1,2026-07-26 06:08:00+00:00,64360.035359999994,2026-07-26 06:08:00+00:00,64336.830085802925,0,-0.18027704667400446,0.4,-0.5802770466740045,-0.03605540933480089,sl,False
bollinger_reentry,1,2026-07-26 06:14:00+00:00,64330.03236,2026-07-26 06:19:00+00:00,64306.163030365205,5,-0.1855224438658265,0.4,-0.5855224438658265,-0.0371044887731653,sl,False
bollinger_reentry,1,2026-07-26 06:22:00+00:00,64293.32869,2026-07-26 06:22:00+00:00,64269.426111212975,0,-0.18588692850446398,0.4,-0.585886928504464,-0.037177385700892795,sl,False
bollinger_reentry,1,2026-07-26 06:25:00+00:00,64271.32649,2026-07-26 06:35:00+00:00,64314.457911,10,0.33554170541905126,0.4,-0.06445829458094876,0.06710834108381025,tp,False
bollinger_reentry,-1,2026-07-26 08:17:00+00:00,64367.862570000005,2026-07-26 08:17:00+00:00,64385.844784413355,0,-0.13968317181412004,0.4,-0.5396831718141201,-0.02793663436282401,sl,False
bollinger_reentry,-1,2026-07-26 08:48:00+00:00,64421.45721,2026-07-26 08:48:00+00:00,64439.231032247415,0,-0.1379495514163276,0.4,-0.5379495514163276,-0.027589910283265517,sl,False
bollinger_reentry,-1,2026-07-26 08:50:00+00:00,64430.65629,2026-07-26 08:51:00+00:00,64450.21034770313,1,-0.15174498312664486,0.4,-0.5517449831266449,-0.030348996625328972,sl,False
bollinger_reentry,-1,2026-07-26 09:20:00+00:00,64503.74898,2026-07-26 09:21:00+00:00,64525.43026889447,1,-0.16806223853127467,0.4,-0.5680622385312747,-0.03361244770625493,sl,False
bollinger_reentry,-1,2026-07-26 10:38:00+00:00,64514.747879999995,2026-07-26 10:40:00+00:00,64532.17762109151,2,-0.1350833853054345,0.4,-0.5350833853054345,-0.027016677061086902,sl,False
bollinger_reentry,-1,2026-07-26 10:47:00+00:00,64533.546,2026-07-26 10:48:00+00:00,64522.7066255,1,0.0839824802126854,0.4,-0.3160175197873146,0.01679649604253708,tp,False
bollinger_reentry,1,2026-07-26 12:44:00+00:00,64476.547009999995,2026-07-26 12:45:00+00:00,64453.51351553649,1,-0.17861916876482642,0.4,-0.5786191687648264,-0.035723833752965284,sl,False
bollinger_reentry,1,2026-07-26 12:48:00+00:00,64450.94445,2026-07-26 12:49:00+00:00,64425.98412105992,1,-0.19363819376960745,0.4,-0.5936381937696075,-0.03872763875392149,sl,False
bollinger_reentry,1,2026-07-26 13:06:00+00:00,64406.44,2026-07-26 13:10:00+00:00,64384.179521116064,4,-0.17281252374712341,0.4,-0.5728125237471234,-0.03456250474942468,sl,False
bollinger_reentry,-1,2026-07-26 21:23:00+00:00,64718.72748,2026-07-26 21:23:00+00:00,64742.25608364122,0,-0.18177585188527967,0.4,-0.5817758518852797,-0.036355170377055934,sl,False
bollinger_reentry,-1,2026-07-26 21:28:00+00:00,64793.520000000004,2026-07-26 21:31:00+00:00,64824.10883229482,3,-0.23604854540093534,0.4,-0.6360485454009354,-0.04720970908018707,sl,False
bollinger_reentry,-1,2026-07-26 22:06:00+00:00,65129.58639,2026-07-26 22:06:00+00:00,65199.13432484014,0,-0.5339196722644601,0.4,-0.9339196722644602,-0.10678393445289203,sl,False
bollinger_reentry,-1,2026-07-26 22:37:00+00:00,65381.06124,2026-07-26 22:37:00+00:00,65444.36006386605,0,-0.4840761427357121,0.4,-0.8840761427357121,-0.09681522854714242,sl,False
bollinger_reentry,-1,2026-07-26 22:39:00+00:00,65400.65928,2026-07-26 22:40:00+00:00,65464.63790971104,1,-0.48912832389902405,0.4,-0.8891283238990241,-0.09782566477980481,sl,False
bollinger_reentry,1,2026-07-27 00:09:00+00:00,65188.718219999995,2026-07-27 00:18:00+00:00,65141.24818875028,9,-0.3640969829281637,0.4,-0.7640969829281637,-0.07281939658563275,sl,False
bollinger_reentry,-1,2026-07-27 09:37:00+00:00,65277.771570000004,2026-07-27 09:38:00+00:00,65311.227833271136,1,-0.2562607643189496,0.4,-0.6562607643189496,-0.051252152863789924,sl,False
bollinger_reentry,1,2026-07-27 11:28:00+00:00,65152.71462,2026-07-27 11:29:00+00:00,65118.59066462834,1,-0.26187669670163505,0.4,-0.6618766967016351,-0.05237533934032701,sl,False
bollinger_reentry,1,2026-07-27 12:35:00+00:00,64856.485,2026-07-27 12:41:00+00:00,64995.9847515,6,1.0754495213547433,0.4,0.6754495213547432,0.21508990427094865,tp,False
bollinger_reentry,-1,2026-07-27 13:43:00+00:00,65586.64068,2026-07-27 13:49:00+00:00,65679.08483188634,6,-0.704748336916583,0.4,-1.104748336916583,-0.1409496673833166,sl,False
bollinger_reentry,-1,2026-07-27 17:23:00+00:00,65009.89836,2026-07-27 17:35:00+00:00,65058.79723406889,12,-0.37608791355203675,0.4,-0.7760879135520368,-0.07521758271040735,sl,False
bollinger_reentry,1,2026-07-27 22:04:00+00:00,64680.267380000005,2026-07-27 22:24:00+00:00,64636.62896800874,20,-0.3373394526562934,0.4,-0.7373394526562934,-0.06746789053125868,sl,False
bollinger_reentry,1,2026-07-27 22:44:00+00:00,64221.021459999996,2026-07-27 22:44:00+00:00,64143.852133400884,0,-0.6008104888768906,0.4,-1.0008104888768905,-0.12016209777537812,sl,False
bollinger_reentry,1,2026-07-27 23:03:00+00:00,63657.66513,2026-07-28 00:10:00+00:00,63557.72949379524,67,-0.7849458191772629,0.4,-1.1849458191772628,-0.15698916383545258,sl,False
bollinger_reentry,1,2026-07-28 01:10:00+00:00,63186.11798,2026-07-28 02:43:00+00:00,63100.38999474354,93,-0.6783767384126449,0.4,-1.0783767384126448,-0.13567534768252898,sl,False
bollinger_reentry,1,2026-07-28 02:45:00+00:00,63106.31,2026-07-28 02:48:00+00:00,63072.52800505011,3,-0.2676594064039417,0.4,-0.6676594064039417,-0.05353188128078834,sl,False
bollinger_reentry,-1,2026-07-28 05:06:00+00:00,63401.25924,2026-07-28 05:07:00+00:00,63438.44480988359,1,-0.29325576754579696,0.4,-0.693255767545797,-0.05865115350915939,sl,False
bollinger_reentry,-1,2026-07-28 05:21:00+00:00,63512.248139999996,2026-07-28 05:21:00+00:00,63555.641318201044,0,-0.3416126768603922,0.4,-0.7416126768603922,-0.06832253537207844,sl,False
bollinger_reentry,1,2026-07-28 13:29:00+00:00,63302.42961,2026-07-28 13:30:00+00:00,63261.887230419066,1,-0.32022767396694407,0.4,-0.7202276739669441,-0.06404553479338881,sl,False
bollinger_reentry,-1,2026-07-28 15:26:00+00:00,63840.41532,2026-07-28 15:27:00+00:00,63938.27595940147,1,-0.7664473900345081,0.4,-1.166447390034508,-0.15328947800690162,sl,False
bollinger_reentry,1,2026-07-28 17:39:00+00:00,63530.55242,2026-07-28 18:00:00+00:00,63671.8571775,21,1.112100809118055,0.4,0.7121008091180551,0.22242016182361102,tp,False
bollinger_reentry,1,2026-07-28 22:51:00+00:00,63794.47881,2026-07-28 22:51:00+00:00,63762.13637157823,0,-0.25348932247021283,0.4,-0.6534893224702129,-0.050697864494042566,sl,False
bollinger_reentry,1,2026-07-28 22:53:00+00:00,63775.57692,2026-07-28 22:53:00+00:00,63741.2402113098,0,-0.26919951452003543,0.4,-0.6691995145200355,-0.053839902904007086,sl,False
bollinger_reentry,1,2026-07-28 23:05:00+00:00,63696.369,2026-07-28 23:05:00+00:00,63659.279064509785,0,-0.29114638771804424,0.4,-0.6911463877180443,-0.05822927754360885,sl,False
bollinger_reentry,1,2026-07-28 23:09:00+00:00,63628.46221,2026-07-28 23:09:00+00:00,63591.13175209793,0,-0.29334716418938367,0.4,-0.6933471641893837,-0.058669432837876734,sl,False
bollinger_reentry,1,2026-07-28 23:25:00+00:00,63571.456509999996,2026-07-28 23:25:00+00:00,63535.04182646696,0,-0.2864074974223141,0.4,-0.6864074974223141,-0.05728149948446282,sl,False
bollinger_reentry,1,2026-07-29 03:33:00+00:00,63727.3721,2026-07-29 03:38:00+00:00,63840.130348499995,5,0.884692438933854,0.4,0.48469243893385394,0.1769384877867708,tp,False
bollinger_reentry,-1,2026-07-29 06:31:00+00:00,64373.46201,2026-07-29 06:32:00+00:00,64424.77155569832,1,-0.398530264617003,0.4,-0.798530264617003,-0.0797060529234006,sl,False
bollinger_reentry,1,2026-07-29 10:56:00+00:00,64397.73913,2026-07-29 11:21:00+00:00,64539.885366,25,1.1036585905062068,0.4,0.7036585905062068,0.22073171810124137,tp,False
bollinger_reentry,1,2026-07-29 12:20:00+00:00,64302.92965,2026-07-29 12:30:00+00:00,64261.18078021478,10,-0.3246264984539393,0.4,-0.7246264984539393,-0.06492529969078786,sl,False
bollinger_reentry,1,2026-07-29 16:46:00+00:00,63656.06497,2026-07-29 17:41:00+00:00,63872.30213099999,55,1.6984804283920463,0.4,1.2984804283920464,0.33969608567840925,tp,False
bollinger_reentry,-1,2026-07-29 17:52:00+00:00,64026.296729999995,2026-07-29 17:53:00+00:00,64079.69742055646,1,-0.41702154648781686,0.4,-0.8170215464878169,-0.08340430929756337,sl,False
bollinger_reentry,-1,2026-07-29 17:56:00+00:00,64147.084650000004,2026-07-29 17:59:00+00:00,64208.53222454689,3,-0.47895843499479174,0.4,-0.8789584349947918,-0.09579168699895835,sl,False
bollinger_reentry,-1,2026-07-29 18:03:00+00:00,64446.5547,2026-07-29 18:23:00+00:00,64127.302089,20,2.4768788066804603,0.4,2.0768788066804604,0.49537576133609207,tp,False
bollinger_reentry,1,2026-07-29 19:29:00+00:00,63955.09486999999,2026-07-29 19:34:00+00:00,63868.94823532097,5,-0.6734931349420825,0.4,-1.0734931349420824,-0.1346986269884165,sl,False
bollinger_reentry,-1,2026-07-29 22:01:00+00:00,63847.41462,2026-07-29 22:01:00+00:00,63907.0153882103,0,-0.4667437872388769,0.4,-0.8667437872388769,-0.09334875744777538,sl,False
bollinger_reentry,-1,2026-07-29 22:07:00+00:00,64003.399020000004,2026-07-29 22:11:00+00:00,64076.24957182447,4,-0.5691147106241523,0.4,-0.9691147106241523,-0.11382294212483046,sl,False
bollinger_reentry,1,2026-07-30 00:55:00+00:00,63597.3591,2026-07-30 01:02:00+00:00,63713.0030625,7,0.9091884013466833,0.4,0.5091884013466833,0.18183768026933667,tp,False
bollinger_reentry,-1,2026-07-30 01:35:00+00:00,63943.605,2026-07-30 01:35:00+00:00,63987.4948237748,0,-0.3431916590783679,0.4,-0.7431916590783679,-0.06863833181567358,sl,False
bollinger_reentry,-1,2026-07-30 01:37:00+00:00,63993.69999,2026-07-30 01:41:00+00:00,64042.34412815276,4,-0.38006974249316094,0.4,-0.780069742493161,-0.07601394849863219,sl,False
bollinger_reentry,-1,2026-07-30 01:49:00+00:00,64196.979660000005,2026-07-30 01:54:00+00:00,64256.59592709581,5,-0.4643229900499479,0.4,-0.864322990049948,-0.09286459800998959,sl,False
bollinger_reentry,-1,2026-07-30 05:35:00+00:00,64091.69019,2026-07-30 05:55:00+00:00,63977.82214249999,20,0.8883214591661748,0.4,0.48832145916617475,0.17766429183323496,tp,False
bollinger_reentry,-1,2026-07-30 08:29:00+00:00,64240.575300000004,2026-07-30 08:32:00+00:00,64296.30633248294,3,-0.43376816149820474,0.4,-0.8337681614982048,-0.08675363229964095,sl,False
bollinger_reentry,-1,2026-07-30 09:24:00+00:00,64455.75378,2026-07-30 09:27:00+00:00,64497.45704249779,3,-0.3235030237962455,0.4,-0.7235030237962455,-0.0647006047592491,sl,False
bollinger_reentry,-1,2026-07-30 11:53:00+00:00,64794.5199,2026-07-30 11:54:00+00:00,64838.886432073916,1,-0.34236330589676456,0.4,-0.7423633058967646,-0.06847266117935291,sl,False
bollinger_reentry,-1,2026-07-30 12:14:00+00:00,64928.306520000006,2026-07-30 12:14:00+00:00,64970.33221840221,0,-0.3236315611377938,0.4,-0.7236315611377938,-0.06472631222755876,sl,False
bollinger_reentry,-1,2026-07-30 12:16:00+00:00,64961.20323,2026-07-30 12:20:00+00:00,64855.59491100001,4,0.8128568572389194,0.4,0.4128568572389194,0.16257137144778389,tp,False
bollinger_reentry,-1,2026-07-30 13:47:00+00:00,64983.70098,2026-07-30 13:49:00+00:00,65049.259605164174,2,-0.5044236029612126,0.4,-0.9044236029612126,-0.10088472059224252,sl,False
bollinger_reentry,-1,2026-07-30 13:51:00+00:00,65083.291020000004,2026-07-30 14:05:00+00:00,64859.600311500006,14,1.7184956768032666,0.4,1.3184956768032667,0.34369913536065333,tp,False
bollinger_reentry,-1,2026-07-30 16:08:00+00:00,64823.417010000005,2026-07-30 16:12:00+00:00,64864.68198489179,4,-0.3182875633154225,0.4,-0.7182875633154225,-0.0636575126630845,sl,False
bollinger_reentry,-1,2026-07-30 22:12:00+00:00,64940.60529,2026-07-30 22:28:00+00:00,64985.57552509114,16,-0.3462412683891136,0.4,-0.7462412683891136,-0.06924825367782272,sl,False
bollinger_reentry,-1,2026-07-30 23:38:00+00:00,65055.793770000004,2026-07-30 23:42:00+00:00,64938.653216,4,0.9003083907802578,0.4,0.5003083907802578,0.18006167815605156,tp,False
bollinger_reentry,-1,2026-07-31 01:06:00+00:00,64934.70588,2026-07-31 01:07:00+00:00,64984.657506517266,1,-0.38462965097263435,0.4,-0.7846296509726344,-0.07692593019452687,sl,False
bollinger_reentry,-1,2026-07-31 01:12:00+00:00,65256.37371,2026-07-31 01:37:00+00:00,64893.498701,25,2.780379818626,0.4,2.380379818626,0.5560759637252,tp,False
bollinger_reentry,1,2026-07-31 01:50:00+00:00,64590.65842,2026-07-31 01:50:00+00:00,64516.49477357806,0,-0.574105050452467,0.4,-0.974105050452467,-0.11482101009049339,sl,False
bollinger_reentry,-1,2026-07-31 05:06:00+00:00,64375.961760000006,2026-07-31 05:29:00+00:00,64316.180974999996,23,0.46430983992812314,0.4,0.06430983992812311,0.09286196798562463,tp,False
bollinger_reentry,1,2026-07-31 06:48:00+00:00,64198.91925,2026-07-31 07:02:00+00:00,64158.30701992164,14,-0.31629995140736167,0.4,-0.7162999514073617,-0.06325999028147233,sl,False
bollinger_reentry,1,2026-07-31 12:07:00+00:00,63726.371999999996,2026-07-31 12:12:00+00:00,63693.76632292244,5,-0.2558256186116492,0.4,-0.6558256186116492,-0.05116512372232984,sl,False
bollinger_reentry,1,2026-07-31 13:43:00+00:00,63481.54751999999,2026-07-31 13:46:00+00:00,63402.253598358075,3,-0.6245430738510138,0.4,-1.0245430738510137,-0.12490861477020276,sl,False
bollinger_reentry,1,2026-07-31 13:49:00+00:00,63345.933959999995,2026-07-31 13:51:00+00:00,63260.0582309496,2,-0.677831422492059,0.4,-1.0778314224920589,-0.1355662844984118,sl,False
bollinger_reentry,1,2026-07-31 14:10:00+00:00,62644.063780000004,2026-07-31 14:10:00+00:00,62530.780808013915,0,-0.9041796233393296,0.4,-1.3041796233393295,-0.1808359246678659,sl,False
bollinger_reentry,-1,2026-07-31 17:35:00+00:00,63031.6962,2026-07-31 17:37:00+00:00,63076.227913995106,2,-0.35324857714291724,0.4,-0.7532485771429173,-0.07064971542858345,sl,False
bollinger_reentry,-1,2026-07-31 17:56:00+00:00,63232.876079999995,2026-07-31 17:56:00+00:00,63275.24355094063,0,-0.3350114178503061,0.4,-0.7350114178503061,-0.06700228357006122,sl,False
bollinger_reentry,1,2026-07-31 18:41:00+00:00,62947.494119999996,2026-07-31 18:48:00+00:00,63049.074462000004,7,0.8068656538285923,0.4,0.4068656538285923,0.16137313076571846,tp,False
bollinger_reentry,1,2026-07-31 23:52:00+00:00,62849.68434,2026-07-31 23:54:00+00:00,62824.07740403034,2,-0.2037157086671737,0.4,-0.6037157086671737,-0.04074314173343474,sl,False
bollinger_reentry,-1,2026-08-01 02:23:00+00:00,63041.79519,2026-08-01 02:28:00+00:00,63063.40393901995,5,-0.17138430905105917,0.4,-0.5713843090510592,-0.034276861810211834,sl,False
bollinger_reentry,1,2026-08-01 03:16:00+00:00,62964.69584,2026-08-01 03:16:00+00:00,62943.03527609838,0,-0.17200562642805117,0.4,-0.5720056264280512,-0.034401125285610235,sl,False
bollinger_reentry,-1,2026-08-01 04:24:00+00:00,63013.997970000004,2026-08-01 04:31:00+00:00,63032.32781349254,7,-0.1454426324549729,0.4,-0.5454426324549729,-0.029088526490994582,sl,False
bollinger_reentry,-1,2026-08-01 04:46:00+00:00,63034.39593,2026-08-01 04:49:00+00:00,63050.73952757216,3,-0.12964031249151908,0.4,-0.5296403124915191,-0.025928062498303817,sl,False
bollinger_reentry,-1,2026-08-01 04:51:00+00:00,63052.89408,2026-08-01 04:53:00+00:00,63071.22218734976,2,-0.1453391443579921,0.4,-0.5453391443579921,-0.029067828871598422,sl,False
bollinger_reentry,1,2026-08-01 05:43:00+00:00,62990.99847,2026-08-01 05:47:00+00:00,62967.47765076851,4,-0.18669984444436016,0.4,-0.5866998444443602,-0.03733996888887203,sl,False
bollinger_reentry,-1,2026-08-01 07:14:00+00:00,63075.591810000005,2026-08-01 07:18:00+00:00,63065.565925999996,4,0.07947514809064637,0.4,-0.32052485190935365,0.015895029618129275,tp,False
bollinger_reentry,1,2026-08-01 07:34:00+00:00,63019.70134,2026-08-01 07:36:00+00:00,63000.830223515106,2,-0.14972394412882117,0.4,-0.5497239441288212,-0.029944788825764235,sl,False
bollinger_reentry,-1,2026-08-01 08:06:00+00:00,63045.894779999995,2026-08-01 08:11:00+00:00,63062.73532251937,5,-0.13355780402624085,0.4,-0.5335578040262409,-0.02671156080524817,sl,False
bollinger_reentry,-1,2026-08-01 08:57:00+00:00,63111.888179999994,2026-08-01 08:57:00+00:00,63128.42297946045,0,-0.13099591802179233,0.4,-0.5309959180217924,-0.026199183604358467,sl,False
bollinger_reentry,1,2026-08-01 09:56:00+00:00,63027.402109999995,2026-08-01 09:56:00+00:00,63009.22390231342,0,-0.1442087653783508,0.4,-0.5442087653783508,-0.028841753075670162,sl,False
bollinger_reentry,-1,2026-08-01 12:05:00+00:00,63067.6926,2026-08-01 12:05:00+00:00,63083.55132482271,0,-0.12572780269037853,0.4,-0.5257278026903786,-0.025145560538075706,sl,False
bollinger_reentry,-1,2026-08-01 12:09:00+00:00,63076.59171,2026-08-01 12:13:00+00:00,63093.876808471505,4,-0.1370167442700243,0.4,-0.5370167442700243,-0.02740334885400486,sl,False
bollinger_reentry,1,2026-08-01 13:48:00+00:00,63042.3036,2026-08-01 13:49:00+00:00,63026.945899588085,1,-0.12180472107553575,0.4,-0.5218047210755358,-0.02436094421510715,sl,False
bollinger_reentry,1,2026-08-01 13:51:00+00:00,63036.90306,2026-08-01 13:51:00+00:00,63019.7670891855,0,-0.13592015139279878,0.4,-0.5359201513927988,-0.027184030278559757,sl,False
bollinger_reentry,1,2026-08-01 15:27:00+00:00,63035.90296,2026-08-01 15:36:00+00:00,63018.69229801574,9,-0.13651475727394224,0.4,-0.5365147572739423,-0.02730295145478845,sl,False
bollinger_reentry,1,2026-08-01 15:53:00+00:00,63011.900559999995,2026-08-01 15:53:00+00:00,62996.223205378235,0,-0.12439995050483876,0.4,-0.5243999505048388,-0.024879990100967753,sl,False
bollinger_reentry,1,2026-08-01 15:55:00+00:00,63006.40001,2026-08-01 15:57:00+00:00,62990.66899882103,2,-0.1248366132367007,0.4,-0.5248366132367007,-0.02496732264734014,sl,False
bollinger_reentry,1,2026-08-01 16:04:00+00:00,62962.19559,2026-08-01 16:06:00+00:00,62938.78044104464,2,-0.18594609619271285,0.4,-0.5859460961927129,-0.03718921923854257,sl,False
bollinger_reentry,-1,2026-08-01 21:04:00+00:00,62722.527120000006,2026-08-01 21:06:00+00:00,62758.52421818571,2,-0.2869551008112259,0.4,-0.6869551008112259,-0.05739102016224518,sl,False
bollinger_reentry,1,2026-08-01 23:18:00+00:00,62766.17599,2026-08-01 23:19:00+00:00,62745.92678969815,1,-0.161306627195823,0.4,-0.561306627195823,-0.0322613254391646,sl,False
bollinger_reentry,-1,2026-08-02 00:07:00+00:00,62864.312939999996,2026-08-02 00:09:00+00:00,62889.14316188718,2,-0.19749060099394367,0.4,-0.5974906009939437,-0.03949812019878873,sl,False
bollinger_reentry,-1,2026-08-02 00:12:00+00:00,62924.50692000001,2026-08-02 00:35:00+00:00,62843.9087625,23,0.6404353521790584,0.4,0.24043535217905843,0.1280870704358117,tp,False
bollinger_reentry,-1,2026-08-02 01:12:00+00:00,62906.508720000005,2026-08-02 01:13:00+00:00,62931.32853090657,1,-0.19727538065283934,0.4,-0.5972753806528394,-0.03945507613056787,sl,False
bollinger_reentry,-1,2026-08-02 01:17:00+00:00,62993.79999,2026-08-02 02:06:00+00:00,63028.99540402988,49,-0.2793561750161766,0.4,-0.6793561750161766,-0.05587123500323532,sl,False
bollinger_reentry,-1,2026-08-02 02:11:00+00:00,63354.36393,2026-08-02 02:14:00+00:00,63425.95755632117,3,-0.5650252159447033,0.4,-0.9650252159447034,-0.11300504318894067,sl,False
bollinger_reentry,1,2026-08-02 05:44:00+00:00,63399.93936,2026-08-02 06:04:00+00:00,63435.45582,20,0.28009853288923914,0.4,-0.11990146711076088,0.05601970657784783,tp,False
bollinger_reentry,-1,2026-08-02 06:30:00+00:00,63465.55281,2026-08-02 06:31:00+00:00,63484.772853558956,1,-0.15142106787047194,0.4,-0.551421067870472,-0.030284213574094387,sl,False
bollinger_reentry,-1,2026-08-02 07:44:00+00:00,63498.34953,2026-08-02 07:45:00+00:00,63478.787244,1,0.1540377517273983,0.4,-0.2459622482726017,0.030807550345479662,tp,False
bollinger_reentry,1,2026-08-02 08:28:00+00:00,63415.54092,2026-08-02 08:28:00+00:00,63393.61692473291,0,-0.17285979863157497,0.4,-0.572859798631575,-0.034571959726314994,sl,False
bollinger_reentry,1,2026-08-02 08:31:00+00:00,63371.3365,2026-08-02 08:33:00+00:00,63347.72933630037,2,-0.18626057933640583,0.4,-0.5862605793364059,-0.037252115867281166,sl,False
bollinger_reentry,1,2026-08-02 08:41:00+00:00,63231.122480000005,2026-08-02 08:41:00+00:00,63198.95145912296,0,-0.25439229619261816,0.4,-0.6543922961926182,-0.05087845923852363,sl,False
bollinger_reentry,1,2026-08-02 09:00:00+00:00,63177.51712,2026-08-02 09:00:00+00:00,63192.9950685,0,0.1224957010466099,0.4,-0.2775042989533901,0.02449914020932198,tp,False
bollinger_reentry,1,2026-08-02 10:28:00+00:00,63115.91096,2026-08-02 10:37:00+00:00,63177.091659,9,0.48466938105962143,0.4,0.0846693810596214,0.09693387621192429,tp,False
bollinger_reentry,1,2026-08-02 11:59:00+00:00,62990.398409999994,2026-08-02 12:02:00+00:00,63077.1266565,3,0.6884243367972775,0.4,0.2884243367972775,0.1376848673594555,tp,False
bollinger_reentry,1,2026-08-02 13:20:00+00:00,63041.003469999996,2026-08-02 13:28:00+00:00,63076.12175699999,8,0.27853527915933096,0.4,-0.12146472084066906,0.05570705583186619,tp,False
bollinger_reentry,1,2026-08-02 14:57:00+00:00,63040.503419999994,2026-08-02 15:13:00+00:00,63087.5656125,16,0.37326948506788415,0.4,-0.026730514932115867,0.07465389701357683,tp,False
bollinger_reentry,-1,2026-08-02 19:48:00+00:00,63401.6592,2026-08-02 19:48:00+00:00,63425.85739638704,0,-0.19083251678553292,0.4,-0.590832516785533,-0.038166503357106585,sl,False
bollinger_reentry,-1,2026-08-02 19:51:00+00:00,63448.854479999995,2026-08-02 20:16:00+00:00,63476.42679380916,25,-0.21727983929054062,0.4,-0.6172798392905406,-0.043455967858108124,sl,False
bollinger_reentry,1,2026-08-02 22:36:00+00:00,63416.24099,2026-08-02 22:39:00+00:00,63365.937385316276,3,-0.3966145256990017,0.4,-0.7966145256990017,-0.07932290513980034,sl,False
bollinger_reentry,1,2026-08-03 04:58:00+00:00,62804.2798,2026-08-03 04:58:00+00:00,62770.87247255708,0,-0.26596378104565277,0.4,-0.6659637810456528,-0.053192756209130554,sl,False
bollinger_reentry,1,2026-08-03 06:43:00+00:00,62646.964069999995,2026-08-03 06:44:00+00:00,62602.9981960955,1,-0.3509018717600676,0.4,-0.7509018717600676,-0.07018037435201352,sl,False
bollinger_reentry,-1,2026-08-03 09:24:00+00:00,62611.7382,2026-08-03 09:33:00+00:00,62645.900598383334,9,-0.27281145169788523,0.4,-0.6728114516978853,-0.054562290339577046,sl,False
bollinger_reentry,-1,2026-08-03 09:59:00+00:00,62802.01917000001,2026-08-03 10:00:00+00:00,62834.986352756765,1,-0.2624691307099303,0.4,-0.6624691307099303,-0.052493826141986055,sl,False
bollinger_reentry,-1,2026-08-03 13:22:00+00:00,62884.51092,2026-08-03 13:28:00+00:00,62758.0501775,6,1.005499928757314,0.4,0.6054999287573141,0.20109998575146282,tp,False
bollinger_reentry,-1,2026-08-03 13:57:00+00:00,63171.18225,2026-08-03 13:58:00+00:00,63269.79427060586,1,-0.78051428747683,0.4,-1.18051428747683,-0.156102857495366,sl,False
bollinger_reentry,1,2026-08-03 20:54:00+00:00,63762.3756,2026-08-03 21:01:00+00:00,63729.72072689726,7,-0.25606694226382176,0.4,-0.6560669422638218,-0.05121338845276435,sl,False
bollinger_reentry,-1,2026-08-04 01:42:00+00:00,63787.22064,2026-08-04 01:52:00+00:00,63859.3739963729,10,-0.5655784626525939,0.4,-0.965578462652594,-0.11311569253051879,sl,False
bollinger_reentry,-1,2026-08-04 04:43:00+00:00,63975.70179,2026-08-04 04:43:00+00:00,64013.270415118284,0,-0.29361635798541563,0.4,-0.6936163579854157,-0.058723271597083126,sl,False
bollinger_reentry,-1,2026-08-04 04:48:00+00:00,64097.78958,2026-08-04 04:48:00+00:00,64148.24949912238,0,-0.3936166867298807,0.4,-0.7936166867298807,-0.07872333734597614,sl,False
bollinger_reentry,-1,2026-08-04 04:50:00+00:00,64129.28643,2026-08-04 05:01:00+00:00,63970.676428000006,11,1.2366424985340019,0.4,0.8366424985340019,0.24732849970680038,tp,False
bollinger_reentry,1,2026-08-04 07:15:00+00:00,63576.25699,2026-08-04 07:15:00+00:00,63550.995122998596,0,-0.19867375178583835,0.4,-0.5986737517858384,-0.03973475035716767,sl,False
bollinger_reentry,1,2026-08-04 07:17:00+00:00,63569.25629,2026-08-04 07:18:00+00:00,63544.03881273858,1,-0.19834648643973773,0.4,-0.5983464864397378,-0.03966929728794755,sl,False
bollinger_reentry,1,2026-08-04 07:20:00+00:00,63530.25239,2026-08-04 07:20:00+00:00,63504.01430352284,0,-0.20650072595407298,0.4,-0.606500725954073,-0.0413001451908146,sl,False
bollinger_reentry,1,2026-08-04 07:22:00+00:00,63507.25009,2026-08-04 07:24:00+00:00,63479.742934057955,2,-0.21656705260475473,0.4,-0.6165670526047548,-0.043313410520950946,sl,False
bollinger_reentry,-1,2026-08-04 10:49:00+00:00,63728.12655,2026-08-04 10:52:00+00:00,63780.0348110835,3,-0.4072633536682524,0.4,-0.8072633536682524,-0.08145267073365048,sl,False
bollinger_reentry,-1,2026-08-04 12:40:00+00:00,63948.104550000004,2026-08-04 12:40:00+00:00,63993.01718142369,0,-0.35116468064011475,0.4,-0.7511646806401148,-0.07023293612802295,sl,False
bollinger_reentry,-1,2026-08-04 14:43:00+00:00,64108.68849,2026-08-04 15:04:00+00:00,64197.514122217144,21,-0.6927737433827241,0.4,-1.092773743382724,-0.13855474867654483,sl,False
bollinger_reentry,-1,2026-08-04 15:49:00+00:00,64178.5815,2026-08-04 16:06:00+00:00,63952.3095915,17,1.7628303961501612,0.4,1.3628303961501613,0.35256607923003225,tp,False
bollinger_reentry,-1,2026-08-04 18:22:00+00:00,64305.16884,2026-08-04 18:24:00+00:00,64361.933727556614,2,-0.44137111044573185,0.4,-0.8413711104457319,-0.08827422208914637,sl,False
bollinger_reentry,1,2026-08-04 20:05:00+00:00,64117.611119999994,2026-08-04 20:16:00+00:00,64064.25553416039,11,-0.416075902607671,0.4,-0.816075902607671,-0.0832151805215342,sl,False
bollinger_reentry,-1,2026-08-04 20:43:00+00:00,64323.367020000005,2026-08-04 20:43:00+00:00,64371.245555723326,0,-0.372170627420898,0.4,-0.772170627420898,-0.0744341254841796,sl,False
bollinger_reentry,-1,2026-08-04 20:45:00+00:00,64352.264129999996,2026-08-04 21:13:00+00:00,64200.38939699999,28,1.180026336705109,0.4,0.7800263367051089,0.23600526734102178,tp,False
