start,end,bars,final,peak,mult_final,mult_peak,hit_10000x,trades,pf,mdd,liq
2021-08-04 00:00:00+00:00,2021-10-03 00:00:00+00:00,86401,100.0,100.0,1.0,1.0,False,0,0.0,0.0,0
2021-09-03 00:00:00+00:00,2021-11-02 00:00:00+00:00,86401,100.0,100.0,1.0,1.0,False,0,0.0,0.0,0
2021-10-03 00:00:00+00:00,2021-12-02 00:00:00+00:00,86401,100.0,100.0,1.0,1.0,False,0,0.0,0.0,0
2021-11-02 00:00:00+00:00,2022-01-01 00:00:00+00:00,86401,100.0,100.0,1.0,1.0,False,0,0.0,0.0,0
2021-12-02 00:00:00+00:00,2022-01-31 00:00:00+00:00,86401,100.0,100.0,1.0,1.0,False,0,0.0,0.0,0
2022-01-01 00:00:00+00:00,2022-03-02 00:00:00+00:00,86401,4425.379246721661,4425.379246721661,44.253792467216606,44.253792467216606,False,5,13.431345566315493,-14.693360257876698,0
2022-01-31 00:00:00+00:00,2022-04-01 00:00:00+00:00,86401,0.42452368038074173,4425.379246721661,0.004245236803807418,44.253792467216606,False,21,0.9871662148786055,-99.99040706667806,1
2022-03-02 00:00:00+00:00,2022-05-01 00:00:00+00:00,86401,4.749160021754511e-10,100.0,4.749160021754511e-12,1.0,False,32,0.40290437851370814,-99.99999999975108,3
2022-04-01 00:00:00+00:00,2022-05-31 00:00:00+00:00,86401,2.297555012046118e-11,140.14090278407556,2.297555012046118e-13,1.4014090278407556,False,33,0.2864324657026919,-99.99999999999127,4
2022-05-01 00:00:00+00:00,2022-06-30 00:00:00+00:00,86401,1.9586750164380662e-07,100.0,1.9586750164380662e-09,1.0,False,36,0.04655099406042769,-99.9999999304671,3
2022-05-31 00:00:00+00:00,2022-07-30 00:00:00+00:00,86401,2.9881956680762054e-09,100.0,2.9881956680762053e-11,1.0,False,34,0.337863642770707,-99.9999999970118,3
2022-06-30 00:00:00+00:00,2022-08-29 00:00:00+00:00,86401,1.456180478881103e-11,315.74354716632627,1.4561804788811028e-13,3.1574354716632627,False,33,0.6833256795985716,-99.99999999999675,4
2022-07-30 00:00:00+00:00,2022-09-28 00:00:00+00:00,86401,1.091820233759594e-07,100.0,1.0918202337595938e-09,1.0,False,31,0.006827310061471105,-99.99999989081797,3
2022-08-29 00:00:00+00:00,2022-10-28 00:00:00+00:00,86401,2.548795832748459e-07,277.30612679948047,2.5487958327484593e-09,2.773061267994805,False,29,0.8014315550790279,-99.99999990808729,2
2022-09-28 00:00:00+00:00,2022-11-27 00:00:00+00:00,86401,5.587666241346281e-10,124.67247140450124,5.587666241346282e-12,1.2467247140450124,False,34,0.1982155031165937,-99.99999999955182,2
2022-10-28 00:00:00+00:00,2022-12-27 00:00:00+00:00,86401,0.0003179052753966732,100.0,3.179052753966732e-06,1.0,False,27,0.000872599509700097,-99.99989880186058,1
2022-11-27 00:00:00+00:00,2023-01-26 00:00:00+00:00,86401,26.924955173735114,158.0426249211088,0.26924955173735116,1.5804262492110879,False,10,0.6548859395498382,-82.96348520712344,0
2022-12-27 00:00:00+00:00,2023-02-25 00:00:00+00:00,86401,24.76416067111478,100.0,0.2476416067111478,1.0,False,1,0.0,-75.23583932888522,0
2023-01-26 00:00:00+00:00,2023-03-27 00:00:00+00:00,86401,593.2299309002975,593.2299309002975,5.932299309002975,5.932299309002975,False,2,999.0,0.0,0
2023-02-25 00:00:00+00:00,2023-04-26 00:00:00+00:00,86401,593.2299309002975,593.2299309002975,5.932299309002975,5.932299309002975,False,2,999.0,0.0,0
2023-03-27 00:00:00+00:00,2023-05-26 00:00:00+00:00,86401,100.0,100.0,1.0,1.0,False,0,0.0,0.0,0
2023-04-26 00:00:00+00:00,2023-06-25 00:00:00+00:00,86401,100.0,100.0,1.0,1.0,False,0,0.0,0.0,0
2023-05-26 00:00:00+00:00,2023-07-25 00:00:00+00:00,86401,100.0,100.0,1.0,1.0,False,0,0.0,0.0,0
2023-06-25 00:00:00+00:00,2023-08-24 00:00:00+00:00,86401,7.428478371620702,100.0,0.07428478371620702,1.0,False,2,0.0,-92.57152162837929,0
2023-07-25 00:00:00+00:00,2023-09-23 00:00:00+00:00,86401,3.2356071813873744,100.0,0.032356071813873746,1.0,False,6,0.01857001021276665,-98.59530870825581,0
2023-08-24 00:00:00+00:00,2023-10-23 00:00:00+00:00,86401,14.918761850125769,100.0,0.1491876185012577,1.0,False,5,0.2246203613011994,-85.08123814987422,0
2023-09-23 00:00:00+00:00,2023-11-22 00:00:00+00:00,86401,34.25128376909461,100.0,0.34251283769094615,1.0,False,1,0.0,-65.74871623090539,0
2023-10-23 00:00:00+00:00,2023-12-22 00:00:00+00:00,86401,100.0,100.0,1.0,1.0,False,0,0.0,0.0,0
2023-11-22 00:00:00+00:00,2024-01-21 00:00:00+00:00,86401,100.0,100.0,1.0,1.0,False,0,0.0,0.0,0
2023-12-22 00:00:00+00:00,2024-02-20 00:00:00+00:00,86401,100.0,100.0,1.0,1.0,False,0,0.0,0.0,0
2024-01-21 00:00:00+00:00,2024-03-21 00:00:00+00:00,86401,100.0,100.0,1.0,1.0,False,0,0.0,0.0,0
2024-02-20 00:00:00+00:00,2024-04-20 00:00:00+00:00,86401,100.0,100.0,1.0,1.0,False,0,0.0,0.0,0
2024-03-21 00:00:00+00:00,2024-05-20 00:00:00+00:00,86401,100.0,100.0,1.0,1.0,False,0,0.0,0.0,0
2024-04-20 00:00:00+00:00,2024-06-19 00:00:00+00:00,86401,100.0,100.0,1.0,1.0,False,0,0.0,0.0,0
2024-05-20 00:00:00+00:00,2024-07-19 00:00:00+00:00,86401,1.8709011012529402,308.177639993197,0.018709011012529402,3.08177639993197,False,3,0.679637806031541,-99.39291471591054,1
2024-06-19 00:00:00+00:00,2024-08-18 00:00:00+00:00,86401,0.10610061823152636,308.177639993197,0.0010610061823152636,3.08177639993197,False,10,0.682391562054339,-99.96557160401584,1
2024-07-19 00:00:00+00:00,2024-09-17 00:00:00+00:00,86401,0.02677119454459965,440.7520622660156,0.0002677119454459965,4.407520622660156,False,25,0.7756950375755052,-99.993926019448,0
2024-08-18 00:00:00+00:00,2024-10-17 00:00:00+00:00,86401,0.47206376541607853,100.0,0.004720637654160785,1.0,False,18,0.1642447162668525,-99.52793623458392,0
2024-09-17 00:00:00+00:00,2024-11-16 00:00:00+00:00,86401,100.0,100.0,1.0,1.0,False,0,0.0,0.0,0
2024-10-17 00:00:00+00:00,2024-12-16 00:00:00+00:00,86401,100.0,100.0,1.0,1.0,False,0,0.0,0.0,0
2024-11-16 00:00:00+00:00,2025-01-15 00:00:00+00:00,86401,100.0,100.0,1.0,1.0,False,0,0.0,0.0,0
2024-12-16 00:00:00+00:00,2025-02-14 00:00:00+00:00,86401,100.0,100.0,1.0,1.0,False,0,0.0,0.0,0
2025-01-15 00:00:00+00:00,2025-03-16 00:00:00+00:00,86401,8.007258772313993,100.0,0.08007258772313992,1.0,False,6,0.31241391421864545,-91.992741227686,0
2025-02-14 00:00:00+00:00,2025-04-15 00:00:00+00:00,86401,2.3914580768315647,100.0,0.02391458076831565,1.0,False,13,0.30720928734028013,-98.91971145537481,0
2025-03-16 00:00:00+00:00,2025-05-15 00:00:00+00:00,86401,17.754122299628463,100.0,0.17754122299628464,1.0,False,8,0.1840149179351761,-86.5086345359487,0
2025-04-15 00:00:00+00:00,2025-06-14 00:00:00+00:00,86401,59.44567998314457,100.0,0.5944567998314457,1.0,False,1,0.0,-40.55432001685543,0
2025-05-15 00:00:00+00:00,2025-07-14 00:00:00+00:00,86401,100.0,100.0,1.0,1.0,False,0,0.0,0.0,0
2025-06-14 00:00:00+00:00,2025-08-13 00:00:00+00:00,86401,100.0,100.0,1.0,1.0,False,0,0.0,0.0,0
2025-07-14 00:00:00+00:00,2025-09-12 00:00:00+00:00,86401,100.0,100.0,1.0,1.0,False,0,0.0,0.0,0
2025-08-13 00:00:00+00:00,2025-10-12 00:00:00+00:00,86401,100.0,100.0,1.0,1.0,False,0,0.0,0.0,0
2025-09-12 00:00:00+00:00,2025-11-11 00:00:00+00:00,86401,109.55561051991273,193.9459864357053,1.0955561051991274,1.9394598643570529,False,2,1.1132310457942223,-43.51230848686248,0
2025-10-12 00:00:00+00:00,2025-12-11 00:00:00+00:00,86401,0.0712828631328535,193.9459864357053,0.0007128286313285349,1.9394598643570529,False,18,0.664015993311846,-99.96324602305886,1
2025-11-11 00:00:00+00:00,2026-01-10 00:00:00+00:00,86401,0.1165543727170549,169.81179368907544,0.001165543727170549,1.6981179368907544,False,23,0.4869507201074303,-99.97362331413014,1
2025-12-11 00:00:00+00:00,2026-02-09 00:00:00+00:00,86401,6.5037751423852335,451.54168162034796,0.06503775142385233,4.51541681620348,False,26,0.8785794378398163,-99.02123684549625,0
2026-01-10 00:00:00+00:00,2026-03-11 00:00:00+00:00,86401,0.0002885497688272135,168.85102099583753,2.885497688272135e-06,1.6885102099583753,False,37,0.5670379190520572,-99.99986536105916,0
2026-02-09 00:00:00+00:00,2026-04-10 00:00:00+00:00,86401,0.000374707021848795,100.0,3.74707021848795e-06,1.0,False,31,0.003220851545768023,-99.99972384645639,0
2026-03-11 00:00:00+00:00,2026-05-10 00:00:00+00:00,86401,0.14587807296009658,267.81512868292907,0.0014587807296009658,2.6781512868292907,False,22,0.6892431962879683,-99.94553030903165,0
2026-04-10 00:00:00+00:00,2026-06-09 00:00:00+00:00,86401,0.00021887324189957181,100.0,2.188732418995718e-06,1.0,False,27,0.0513957982255015,-99.99978112675811,0
2026-05-10 00:00:00+00:00,2026-07-09 00:00:00+00:00,86401,0.0004216750227856114,100.0,4.216750227856114e-06,1.0,False,34,0.021794386502932764,-99.99962910021658,0
